product_name,href
라움 블랙홀 더킹,https://prod.danawa.com//info/?pcode=15614288&cate=1023084&deliveryYN=N&bookmark=cm_opinion&companyReviewYN=Y#bookmark_cm_opinion
한미프렉시블 린클 프라임300,https://prod.danawa.com//info/?pcode=15490676&cate=1023084&deliveryYN=N&bookmark=cm_opinion&companyReviewYN=Y#bookmark_cm_opinion
한미프렉시블 린클 그래비티 제로 RC-GT500,https://prod.danawa.com//info/?pcode=21470579&cate=1023084&deliveryYN=N&bookmark=cm_opinion&companyReviewYN=Y#bookmark_cm_opinion
쿠쿠전자 맘편한 CFD-BG202MOG,https://prod.danawa.com//info/?pcode=14712500&cate=1023084&deliveryYN=N&bookmark=cm_opinion&companyReviewYN=Y#bookmark_cm_opinion
한미프렉시블 바이오린클 RC-02,https://prod.danawa.com//info/?pcode=15858359&cate=1023084&deliveryYN=N&bookmark=cm_opinion&companyReviewYN=Y#bookmark_cm_opinion
세인홈시스 싱크리더 싱크리더i SH7000A,https://prod.danawa.com//info/?pcode=17275067&cate=1023084&deliveryYN=N&bookmark=cm_opinion&companyReviewYN=Y#bookmark_cm_opinion
아이닉 아이제로 DTR-ADV002,https://prod.danawa.com//info/?pcode=19684013&cate=1023084&deliveryYN=N&bookmark=cm_opinion&companyReviewYN=Y#bookmark_cm_opinion
지엘플러스 GL-010LH,https://prod.danawa.com//info/?pcode=17490137&cate=1023084&deliveryYN=N&bookmark=cm_opinion&companyReviewYN=Y#bookmark_cm_opinion
리크리에이션 싱크루션 제로플러스 SMD-H2000,https://prod.danawa.com//info/?pcode=30610235&cate=1023084&deliveryYN=N&bookmark=cm_opinion&companyReviewYN=Y#bookmark_cm_opinion
미랜 FD-015M,https://prod.danawa.com//info/?pcode=1514202&cate=1023084&deliveryYN=N&bookmark=cm_opinion&companyReviewYN=Y#bookmark_cm_opinion
휴렉 지니 HB-2000HM,https://prod.danawa.com//info/?pcode=19549574&cate=1023084&deliveryYN=N&bookmark=cm_opinion&companyReviewYN=Y#bookmark_cm_opinion
웰싱 더 라인 ATW-A25DW,https://prod.danawa.com//info/?pcode=21980744&cate=1023084&deliveryYN=N&bookmark=cm_opinion&companyReviewYN=Y#bookmark_cm_opinion
한미프렉시블 끌리네어 BPR-200,https://prod.danawa.com//info/?pcode=13690889&cate=1023084&deliveryYN=N&bookmark=cm_opinion&companyReviewYN=Y#bookmark_cm_opinion
롯데알미늄 에코제트 LFD-1,https://prod.danawa.com//info/?pcode=15047609&cate=1023084&deliveryYN=N&bookmark=cm_opinion&companyReviewYN=Y#bookmark_cm_opinion
쿠쿠전자 CFD-C151MO,https://prod.danawa.com//info/?pcode=20284577&cate=1023084&deliveryYN=N&bookmark=cm_opinion&companyReviewYN=Y#bookmark_cm_opinion
비프록 화이트팟 BPW-700,https://prod.danawa.com//info/?pcode=13757249&cate=1023084&deliveryYN=N&bookmark=cm_opinion&companyReviewYN=Y#bookmark_cm_opinion
지엘플러스 GL-020L,https://prod.danawa.com//info/?pcode=13112246&cate=1023084&deliveryYN=N&bookmark=cm_opinion&companyReviewYN=Y#bookmark_cm_opinion
세인홈시스 싱크리더 SI-818,https://prod.danawa.com//info/?pcode=11765663&cate=1023084&deliveryYN=N&bookmark=cm_opinion&companyReviewYN=Y#bookmark_cm_opinion
웰릭스 DK-W2020,https://prod.danawa.com//info/?pcode=10858428&cate=1023084&deliveryYN=N&bookmark=cm_opinion&companyReviewYN=Y#bookmark_cm_opinion
비프록 실버맥스 BPW-2000,https://prod.danawa.com//info/?pcode=15453995&cate=1023084&deliveryYN=N&bookmark=cm_opinion&companyReviewYN=Y#bookmark_cm_opinion
웰릭스 클린 바이오 CAP-100W,https://prod.danawa.com//info/?pcode=16545215&cate=1023084&deliveryYN=N&bookmark=cm_opinion&companyReviewYN=Y#bookmark_cm_opinion
타마 스톰 EH300,https://prod.danawa.com//info/?pcode=13366637&cate=1023084&deliveryYN=N&bookmark=cm_opinion&companyReviewYN=Y#bookmark_cm_opinion
지엘플러스 바리미 GL-005L,https://prod.danawa.com//info/?pcode=13876274&cate=1023084&deliveryYN=N&bookmark=cm_opinion&companyReviewYN=Y#bookmark_cm_opinion
캐리어 클라윈드 Wiz KFCS-B010,https://prod.danawa.com//info/?pcode=14617061&cate=1023084&deliveryYN=N&bookmark=cm_opinion&companyReviewYN=Y#bookmark_cm_opinion
지엘플러스 GL-020K,https://prod.danawa.com//info/?pcode=14500577&cate=1023084&deliveryYN=N&bookmark=cm_opinion&companyReviewYN=Y#bookmark_cm_opinion
지엘플러스 GL-020,https://prod.danawa.com//info/?pcode=16003565&cate=1023084&deliveryYN=N&bookmark=cm_opinion&companyReviewYN=Y#bookmark_cm_opinion
세인홈시스 싱크리더K SH838,https://prod.danawa.com//info/?pcode=20007743&cate=1023084&deliveryYN=N&bookmark=cm_opinion&companyReviewYN=Y#bookmark_cm_opinion
허머 싱크케어 HSE-7000H,https://prod.danawa.com//info/?pcode=4977438&cate=1023084&deliveryYN=N&bookmark=cm_opinion&companyReviewYN=Y#bookmark_cm_opinion
지엘플러스 FC-05-NR01,https://prod.danawa.com//info/?pcode=12372617&cate=1023084&deliveryYN=N&bookmark=cm_opinion&companyReviewYN=Y#bookmark_cm_opinion
이롭 더 그레블 음식물 처리기,https://prod.danawa.com//info/?pcode=68687975&cate=1023084&deliveryYN=N&bookmark=cm_opinion&companyReviewYN=Y#bookmark_cm_opinion
마이니모 MM1000G,https://prod.danawa.com//info/?pcode=53524775&cate=1023084&deliveryYN=N&bookmark=cm_opinion&companyReviewYN=Y#bookmark_cm_opinion
휴리엔 HD-020A,https://prod.danawa.com//info/?pcode=16300250&cate=1023084&deliveryYN=N&bookmark=cm_opinion&companyReviewYN=Y#bookmark_cm_opinion
미랜 FD-020K,https://prod.danawa.com//info/?pcode=8184787&cate=1023084&deliveryYN=N&bookmark=cm_opinion&companyReviewYN=Y#bookmark_cm_opinion
비프록 실버맥스 BPM-2000,https://prod.danawa.com//info/?pcode=29372495&cate=1023084&deliveryYN=N&bookmark=cm_opinion&companyReviewYN=Y#bookmark_cm_opinion
오클린 코코린,https://prod.danawa.com//info/?pcode=770918&cate=1023084&deliveryYN=N&bookmark=cm_opinion&companyReviewYN=Y#bookmark_cm_opinion
거성 GSPHSS 2013 윙윙,https://prod.danawa.com//info/?pcode=3443217&cate=1023084&deliveryYN=N&bookmark=cm_opinion&companyReviewYN=Y#bookmark_cm_opinion
롯데필링스 SMD-H1000W,https://prod.danawa.com//info/?pcode=15144185&cate=1023084&deliveryYN=N&bookmark=cm_opinion&companyReviewYN=Y#bookmark_cm_opinion
조은생활주식회사 L7 H-015A,https://prod.danawa.com//info/?pcode=6501624&cate=1023084&deliveryYN=N&bookmark=cm_opinion&companyReviewYN=Y#bookmark_cm_opinion
휴리엔 H-015B,https://prod.danawa.com//info/?pcode=8185033&cate=1023084&deliveryYN=N&bookmark=cm_opinion&companyReviewYN=Y#bookmark_cm_opinion
하츠 CFD-M2810,https://prod.danawa.com//info/?pcode=19033022&cate=1023084&deliveryYN=N&bookmark=cm_opinion&companyReviewYN=Y#bookmark_cm_opinion
노루페인트 하우홈 HB-1000HM,https://prod.danawa.com//info/?pcode=15506183&cate=1023084&deliveryYN=N&bookmark=cm_opinion&companyReviewYN=Y#bookmark_cm_opinion
지엘플러스 GL-010L,https://prod.danawa.com//info/?pcode=15783902&cate=1023084&deliveryYN=N&bookmark=cm_opinion&companyReviewYN=Y#bookmark_cm_opinion
아리스 SMD-H1000W,https://prod.danawa.com//info/?pcode=20595320&cate=1023084&deliveryYN=N&bookmark=cm_opinion&companyReviewYN=Y#bookmark_cm_opinion
노루페인트 하우홈 에코빈 FC-05-NR01,https://prod.danawa.com//info/?pcode=16431299&cate=1023084&deliveryYN=N&bookmark=cm_opinion&companyReviewYN=Y#bookmark_cm_opinion
푸드타파 하이브리드 DCS-1902,https://prod.danawa.com//info/?pcode=14328710&cate=1023084&deliveryYN=N&bookmark=cm_opinion&companyReviewYN=Y#bookmark_cm_opinion
다토로바이오텍 다토로 렌픽 DTR-ADV002,https://prod.danawa.com//info/?pcode=18830069&cate=1023084&deliveryYN=N&bookmark=cm_opinion&companyReviewYN=Y#bookmark_cm_opinion
엑스바이오 프리맘 EH-500,https://prod.danawa.com//info/?pcode=14743739&cate=1023084&deliveryYN=N&bookmark=cm_opinion&companyReviewYN=Y#bookmark_cm_opinion
제이앤에이치컴퍼니 에코업 하이브리드 DCS-HM4A,https://prod.danawa.com//info/?pcode=19607306&cate=1023084&deliveryYN=N&bookmark=cm_opinion&companyReviewYN=Y#bookmark_cm_opinion
쿠쿠전자 SI-818,https://prod.danawa.com//info/?pcode=10783857&cate=1023084&deliveryYN=N&bookmark=cm_opinion&companyReviewYN=Y#bookmark_cm_opinion
미미클 MiMI-100,https://prod.danawa.com//info/?pcode=4396698&cate=1023084&deliveryYN=N&bookmark=cm_opinion&companyReviewYN=Y#bookmark_cm_opinion
