Date,ID,Comment,Like
2023-06-12,@funfac,퇴비함이 실패하는 가장 큰 문제는 벌레 발생입니다<br>영상에서 양파망으로 통기구멍을 만든다고 했는데 벌레차단을 완벽하게 할수 없습니다<br>이 부분을 개선할 방법으로 촘촘한 면포 (한약  다리고 짜는데 쓰는 제품)로<br>뚜껑 대신 덮어놓으면 습기는 날라가고 벌레차단에 효과가 있습니다,99
2023-06-27,@고인돌-l6o,동물성음식물쓰레기는 가급적피하고 식물성음식쓰레기인 채소잔반이나 과일찌꺼기가 효과적일듯하네요...특히 야채다듬고 나온 쓰레기는 양이 많이 나오더군요..<br>하루이틀새에 음식물쓰레기통이 꽉차는 일반가정이면 모르겠지만 혼자살면 음식쓰레기 처리가 항상 걱정입니다 일반쓰레기로 버리기엔 양심에 찔리고 그렇다고 하루에 얼마 생기지도 않는 음식물쓰레기 모아두고 버리려니 냄새나고 더럽고..,6
2024-08-20,@sdaniellekable,다이소에서 장독대망 사면 됩니다,3
2024-08-25,@dsmhan5289,벌레가 생겨도 부패는 최고의 정화 과정 입니다~,0
2024-11-10,@liberiafullgospelchurch,EM원얙 냄새안나는데요. 저는 가루 EM미생물을 사서 썼어요.   EM은 혐기성이라고 들었어요 EM 발효액 냄새는 향긋합니다. 저는 아프리카에서 미생물 발효변기를 사용해보려고 해요,0
2024-10-22,@Meigui,음식물 미생물 처리기의 미생물만 판매하는경우들이 있던데 그걸섞어쓰는건어떤가요? 미생물처리기라는게 미생물+섞어주기+환기 이런과정으로보이던데 동물성 음식물이나 커다란 음식물도 처리가 잘되는걸로 보이거든요,0
2024-10-10,@신지혜-l5f,유익한 정보입니다,0
2024-10-17,@funfac,도움이 되셨다니 다행입니다.,0
2024-09-26,@김완두-r4e,지렁이 넣어주면 젛겠네요,0
2024-09-26,@user-jwu1o9d813,요즘도 이 방식으로 하시나요? 음식물쓰레기 전자제품도 미생물 관리가 필요해서 &quot;반려 미생물&quot;  인터넷레서 조금씩 퍼지는거같아서요😂 알고리즘 잘 타실수 있을거같은데...,0
2024-09-21,@은똥-p8f,영상 잘 봣습니다! 미생물은 음쓰버릴때마다 넣어주나요?,0
2024-09-17,@KuaaaaK,....관리하는 것이 자신없다..! 하시면 그냥 링클 사세요..!!!!,0
2024-09-13,@임보배侚珍,만든지 일주일 정도 되었는데 음식물을 많이 넣긴했는데..흙이 질척거리고 냄새가 좀 나요ㅠㅠ그럼 새 흙을 좀 넣어주면 괜찮아질까요..?,0
2024-08-26,@bulu0613,"다이소에서 파는 흙, 뚜껑없는 쓰레기통, 모종삽, 장독대망. 이렇게 사서 했는데 5천원 들었어요.  아파트 살고 있지만 음식물 쓰레기 매일 버리는게 일이라 함 만들어봤네요. 감사합니다.",1
2024-08-25,@dsmhan5289,글쵸~습도가 중요하죠~산의 부여토나 부옆토 섞인흙 한스푼 내지 한줌 넣어주면 좋구요,0
2024-08-25,@dsmhan5289,"실내이니  버레 때문인데 <br>실내라면 벌레가 꼬이던 말던 전혀 상관 없어요~<br>발효는 사람이 먹을수 있고요<br>부패는 벌레가 먹고 베레가 싼 분뇨를 미생물이 먹고 싼 분뇨를 부숙하여 식물이 먹는 훈륭한 퇴비가 됩니다.<br>악취는 단백질 분해 과정이고요.<br>적당한 염분은 제거 안해도 전혀 상관 없어요,~",1
2024-08-25,@산너머서촌,정말 훌륭한 남편~^^<br>도전해볼께요 ~,0
2024-08-22,@김종산-d4y,질문    상토외에 아무것도넣지 않나요(실외에 두면  더 좋을거 같아요 )  잘 말려야 한다면  조그만 팬을 달아서 공기를 배출해도 좋을거 같아요,1
2024-07-31,@박희경-w7d,한여름에도배란다에둬도갠찮을까요?<br>33~35도까지오를때요<br>장마땐습도도엄청난데<br>알려주세요~~~,0
2024-07-27,@쑝-j9d,도전해 보고 싶은데 베란다가 없는 집이라 냄새나 벌레가 고민이네요 댓글 전부 정독했는데 만든다면 리빙박스에 한약망을 사용해야겠습니다 그런데 다들 이분처럼 상자 두 개로 보름씩 쓰시는지 하나만 쓰시는지 궁금하네요,0
2024-07-21,@이서연-u3t1u,👍👍 좋은 영상 감사합니다. 햇빛 있는 데에 두어야 되나요?,0
2024-07-19,@gigi5692,흥미롭네요!,1
2024-07-16,@미정전-h6m,집밖에 있는 화단에 음식물을 넣어도 될까요?,0
2024-07-15,@theELISA925,오늘 도전~24.7.15,0
2024-07-14,@ErikKillmonger-z5j,흙은 안바꾸고 계속 쓰는건가요?,0
2024-07-13,@Qjal-w6k,이런 좋은 방법도 있었네요 쓰레기도 처리하고 텃밭 거름으로 활용도 하고ᆢ한번 해봐야겠어요  감사합니다,1
2024-07-10,@StarryX2,"통 형태보니까 딱 낚시용 아박이 생각나네요. <br>보온되고 위에 큰 환기구?도 있구 배수 꼭지가 필요할 수도 있구요.<br>알리에 저렴한 게 있어요. 가격은 올렸다내렸다 해요. 링크는 못달아서... 검색해 보세요<br>&quot;낚시 쿨러 박스 태클 박스, 야외 탱크 케이스, 기어 도구, 휴대용 공기 구멍이 있는 물고기 보관 바다 낚시, 10L, 18L, 22L, 32L, 48L&quot; 대개 10리터 짜리가 적당할텐데 10L는 물꼭지가  없네요.",0
2024-07-01,@aftermars1,싱크대의 잔반은 세제가 섞이지 않나요?,2
2024-07-02,@funfac,주방세제는 중성세제고 크게 문제가 되지않습니다<br>그리고 설거지 후 헹금시에 세제는 충분히 씻겨나갑니다,2
2024-05-15,@그대로-m2n,엄마가 옛날에 미생물 음식물 처리기를 샀는데 한달 전기세가 그 기계만으로 2~3만원이 나와서 못쓰고있었는데 전원주택으로 이사와서 퇴비가 필요하다 보니 그 기계가 생각났는데 여전히 전기세 때문에 사용을 못해서 기계 없이 그냥 흙과 미생물로 할 순 없을까 혼자 생각만 했는데 바로 이 영상이 떴네요ㄷㄷ.. 기계에 들어가는 미생물은 구입 안하고 상토만으로도 가능한 거였군요!,2
2024-05-15,@funfac,전원주택이면 밖에다 뚜껑있는 커다란 빨강 다라이 하나 사다가 삽으로 저서 주면 됩니다<br>그냥 마당 한켠에 흙에다 뭍어줘도 되고요<br>상토보단 배양토 추천하고 야외에서 하면 그냥 흙퍼다 써도 됩니다,2
2024-05-20,@나나리-j9k,흙이 대단하네요!,1
2024-05-13,@소일거리-s4i,오래전 영상인데 지금도 이렇게 가능한가요? 어떤 문제점이나 업그레이드는 없나요?,0
2024-05-15,@funfac,네 가능은합니다만<br>저도 2년정도 사용해보고 현재는 미생물 방식 처리기로 바꿨습니다<br>벌레 문제로 이왕이면 야외에 설치가능하신 분들께 추천합니다,0
2024-05-15,@소일거리-s4i,미생물방식처리기는 뭔가요?​@@funfac,0
2024-05-15,@funfac,미생물 음식물 처리기로 검색해보시면 다양한 제품이 검색됩니다<br>제가 영상에 소개한 방법틀 자동으로 해주는 기계입니다,0
2024-07-22,@성이름-i2x5w,@@funfac헐 왜 바꾸셨나요? 벌레나왔나요??,0
2024-05-13,@로또1등이네,열풍 식기건조기 6만원대 상품을 사서 저박스를 통으로 넣고 가끔 열풍시켜주면 될것같아요<br>상상입니다 해본적없는데 그런생각이 듭니다,0
2024-05-15,@funfac,좋은 의견 감사합니다.,0
2024-05-13,@elliechang6435,너무 너무 감사합니다! 저한테는 최고의 영상이었어요,0
2024-05-15,@funfac,도움이 되셨다니 다행입니다.,0
2024-05-11,@yongholee89,미생물을 저렇게 맨손으로 만져도 상관없는건가요?,0
2024-05-15,@funfac,그냥 흙입니다,0
2024-05-11,@hotdogsky86,공짜 음식물처리기네요 뭐뭐 팔요하죠,0
2024-05-09,@도이-v6e,크기를 줄여서 해도 되나요? 흙양은 최소 몇L 이상 해야하나요?,0
2024-05-15,@funfac,가능은 한데 처리용량이 줄어들겠죠,0
2024-05-06,@튜율립-x9w,겨울 실외에서도 가능 한가요?,1
2024-05-15,@funfac,낮은 온도에선 어려울 것 같습니다,1
2024-05-06,@yangostrich,다봐도이해가…😢😢<br>상토를 아이스박스에 넣고<br>통기창뚫고<br>음식물넣고 며칠뒤적이면..끝?<br>맞나요?<br>따로 사서 섞는 미생물없어요?,3
2024-05-15,@funfac,이해한거 맞습니다<br>상토보다 배양토 추천합니다<br>미생물은 따로 안써도 흙이나 공기중에 항상 있어서 음식물이 썩는거죠,3
2024-04-30,@user-jesuslovesyouandme,"텃밭농사를 2평정도 3년째 하면서 꾸준히 유투브퇴비 만들기 이런저런 방법 시도해봤는데 이방법이 제일 효과적,실용적으로 보입니다.",2
2024-04-18,@hyowonsung6891,이번주말에당장 시도😊해봐야겠어요!,0
2024-04-16,@대한민국만세-q3m,처리기 사용중인데 처리기도 수박껍질 많이 넣으면 망합니다 바나나껍질 통으로 넣으면 교반기 날개가 빠지기도 해서 은근 귀찮은데<br>이 방식은 팔운동도 하고 가성비 갑이네요 ㅎㅎ,3
2024-04-16,@bigbrother1059,"짝짝짝, 매우 실용적이며 가성비가 높은 장치  입니다.",3
2024-05-15,@funfac,시청해 주셔서 감사합니다.,0
2024-04-15,@보라-i9e,홍익인간 이세요,0
2024-04-14,@bakjina,광목천으로 구멍을 막았는데 날벌레가 엄청 많이 생겼어요 ㅠ,0
2024-05-15,@funfac,아무래도 벌레가 가장문제입니다,0
2024-04-10,@호야-n4v,내일 분리수거일인데 스티로폴 박스 주워오려구요 😁,0
2024-04-03,@bakjina,야외에서 이렇게 써도될까요? 비를 맞아도 되는지 궁금합니다,0
2024-04-04,@funfac,비 맞으면 안되고요<br>야외에선 그냥 뚜껑있는 큰 빨간 대야통 같은거로 많이합니다,2
2024-04-01,@jay-124,싱크대 배수구안에서 튼튼한 가위로 잘게 조사주는게 필요...<br>여기서 염분도 걸러집니다...다이소에 가면 고글이 있는 짧은<br>가위가 절단력이 가장 강합니다...두손으로 잘라야 인대손상 안됨..<br>잘게 잘라져야만 빨리 퇴비화됩니다....,0
2024-04-01,@jay-124,양파망을 어떤 방법으로 고정시켰는지 궁금합니다...,0
2024-04-01,@jay-124,"리빙박스 뚜껑을 잘라내서 양파망이 아니라 더 촘촘한 한약짜는 천으로 커버했는데...훨씬 더 좋아요....리빙박스 정도 되면 여유도 많아 편합니다...<br>스티로폼 박스는 보기도 안좋고 약해서 불안합니다...상토가 가벼워서 박스손잡이를 잡고 흔들어 주면 됩니다....굿..",3
2024-02-18,@heechanmoon5096,무슨 흙을 사용하셨나요? 영상설명란에 나온 링크는 지금 안되네요. 구매처도 알려주심 감사합니다,0
2024-02-18,@heechanmoon5096,퇴비함 온도는 20~26도를 유지해야할까요?,0
2023-12-28,@영애박-l2r,마당있는 집에는햇빛 잘 드는 마당에 두는게 더 나을까요?,0
2024-01-01,@funfac,네 좋습니다,0
2023-11-22,@klee2457,이엠 미생물 함께 석어 주세요 벌레 냄새 끝 😂,0
2023-11-16,@azkjhg364,식물 거름으로 쓰면 정말 좋아보이는 기름진 흙이네요,1
2023-11-16,@산너머서촌,훌륭하네요~~ 실험삼아<br>빈화분 흙속에 껍질 넿어둔게 있는데<br>조금씩 사라지드라구요 ~<br>스티로폼 박스에 본격적으로 해봐야겠네요 감사합니다 ^^,0
2023-11-12,@감사-y7r,잘봤습니다~,0
2023-10-26,@parkjaegyun,음식물처리기는 건조분쇄방식입니다. 발효과정중에 미세하게 분쇄되는것이고 펀팩님이 하신는 것은 퇴비화 과정인데 발열이 부족하여 퇴비로써 역할은 어렵습니다. 둘다 퇴비로써는 사용불가입니다. 잘못된 과정으로 퇴비화 사용은 오히려 환경오염에 주된 원인입니다.,0
2023-09-22,@jirong-e,표면에 흰 곰팡이가 생기는데 이런 일이 있으신 적이 있나요? ㅠㅠ,0
2023-10-04,@funfac,네 그냥 뒤집어 주면 됩니다,0
2023-09-08,@yunsangbaek8292,집 마당에 두고 잘 쓰고 있어요. 한번은 등애가 알을 까서 오히려 좋았어요.(실제로 음식물처리하는데 등애애벌레가 사용되기도 해서),1
2023-10-04,@funfac,좋은 정보 감사합니다,1
2023-07-28,@waldo5341,1인 원룸 자취가구인데 음식물 쓰레기 버리러 나가는 것이 너무 번거롭고 브랜드 제품은 너무 비싸서 영상을 참고해서 배양토로 만들었습니다<br>당장은 버릴 게 없어서 일단 시들어버린 채 썬 양배추와 먹다 남은 빵 조각을 넣고 흙을 덮었는데 앞으로 경과를 지켜볼 예정입니다.<br>습한 여름인데도 잘 분해가 되었으면 좋겠네요,0
2023-08-16,@mitrajade9744,여름에 분해가더잘되요,0
2023-07-27,@jay-124,전기에너지를 안쓴다는데 무조건 백점 ////////////////////////////////////////////////,4
2023-07-27,@jay-124,목소리나 진행속도를 보면 유튜버로 성공가능성 높음...<br>그런데 영상길이가 너무 길어요...인간의 최대 인내시간이 15분이라는데...<br>실제로 10분 넘어가면 안된다고 합니다...집중력과 흥미력이 떨어집니다..<br>8분 정도로 줄여야 합니다...말을 줄이고 중간중간 설명자막을 넣는게 더 효과적이에요...,1
2023-07-27,@jay-124,이거 아주 재미있는 실험이네요...<br>스티통에 양파망 환기통 아이디어 멋집니다......<br>싱크볼 배수통 안에서 강력한 전용가위로 음쓰를 잘게 썰면 더 효과적입니다..<br>이때 두손으로 가위를 잡으면 손가락관절 보호에 좋습니다...굿....<br>정말 양파망과 스티통 음쓰처리통 나이쓰 ///////////////////////////////////////////////,3
2023-07-16,@휘핑-o5i,제가 이걸 먼저 보고 시작했어야 했는데.... 혐기성 Em퇴비화하는 걸 따라서 뒤집지 않았더니 뽀송한 위쪽은 향긋한데 아래쪽은 흙이 썩고 음식물이 그대로 있어서 하수구 냄새+똥냄새가 납니다 ㅋㅋㅋㅋㅋ 똥냄새... 뒤집기 전까지 무슨 말인지 몰랐는데 알게 되었습니다. 큽.. 담부턴 뒤집기 좋은 통으로 바꿔야겠어요. 친절한 영상 감사함니다.,4
2023-07-10,@두더지-u7q,전반기 후반기 말고 짝수날 홀수날처럼 번갈아 사용해도 될까요?,0
2023-06-27,@myonghan1260,❤ 너무너무  좋아요 <br>미국보다 앞서가는 요즘 한국 ❤ 흐믓   흐믓❤❤❤,1
2023-06-24,@alexayounginsong2641,여기에 EM 을 넣어주면 더 빨리? 아니면 더 느리게 썩나요?,0
2023-06-21,@OOO-ij7ry,영상 감사합니다. 여름엔 온도가 맞을듯한데 실외에 둘 경우 겨울엔 온도를 맞추어주어야만 할지 궁금합니다.,0
2023-06-28,@funfac,상황에 따라 달라서 해봐야 알것 같네요,0
2023-06-12,@funfac,퇴비함이 실패하는 가장 큰 문제는 벌레 발생입니다<br>영상에서 양파망으로 통기구멍을 만든다고 했는데 벌레차단을 완벽하게 할수 없습니다<br>이 부분을 개선할 방법으로 촘촘한 면포 (한약  다리고 짜는데 쓰는 제품)로<br>뚜껑 대신 덮어놓으면 습기는 날라가고 벌레차단에 효과가 있습니다,99
2023-06-27,@고인돌-l6o,동물성음식물쓰레기는 가급적피하고 식물성음식쓰레기인 채소잔반이나 과일찌꺼기가 효과적일듯하네요...특히 야채다듬고 나온 쓰레기는 양이 많이 나오더군요..<br>하루이틀새에 음식물쓰레기통이 꽉차는 일반가정이면 모르겠지만 혼자살면 음식쓰레기 처리가 항상 걱정입니다 일반쓰레기로 버리기엔 양심에 찔리고 그렇다고 하루에 얼마 생기지도 않는 음식물쓰레기 모아두고 버리려니 냄새나고 더럽고..,6
2024-08-20,@sdaniellekable,다이소에서 장독대망 사면 됩니다,3
2024-08-25,@dsmhan5289,벌레가 생겨도 부패는 최고의 정화 과정 입니다~,0
2023-06-10,@하면된다1,안녕하세요 린클기계는 있는데 배양토 넣어서 쓰먄 똑같이 되려나요??,0
2023-06-29,@funfac,안됩니다,0
2023-05-27,@그래지금이야,몇달 사용중인데 아파트 베란다에서 그런데 최근 까만 개미같은 벌레가 많이 생겨 걱정입니다. 날아다니기까지 하는데 앞으로 날씨가 더 더워지는데 감당이 안됩니다. 여러겹 싸봐도 에프킬라 뿌리다 통안에 미생물 죽을까 못뿌리겠고 고민입니다  도와주세요~~~,0
2023-05-27,@funfac,살충제 쓰셔도 상관은 없습니다만...<br>벌레 생기면 그냥 버리시고 다시 하시길 추천합니다<br>영상에선 양파망으로 환기창을 하라고 했는데 요즘 추천 방법은 촘촘한 면포로 뚜껑대신 덮으면 벌레도 못들어오고 통풍은 되서 좋습니다,0
2023-05-28,@강정호-d3u,백강균 넣어주면 벌레 없어집니다. 상품명으로는 총진싹이라고 검색하시면 나옵니다. 동충하초균이라고도 불리는데 친환경농업자재로 쓰입니다.,1
2023-05-27,@lovelysy8721,미생물 음쓰 처리기는 아직은 가격거품이 정말 많은것 같아요ㅠ,2
2023-05-26,@kjh7387,벌레 엄청생김 온동네 벌레가 다 모여듭니다,0
2023-05-15,@anheelee,이렇게 꼼꼼하고 도움되는 영상 첨봐요<br>전국민 구독이 시급합니다,4
2023-04-15,@dhssw,"너무 좋은 영상이네요.<br>환경도 살리고 돈도 별로 안들고. <br>상토나 배양토, 스티로폼박스만 준비하면 되겠네요.",4
2023-04-15,@dhssw,과일껍질이나 옥수수대는 잘개 잘라서 넣으면 분해가 더 빨리 되겠네요,1
2023-03-29,@근쨩-v8e,"궁금한게 있는데요, 뒷베란다에 1년 내내 쭉 놔두고 쓸건데 성능(?)이 괜찮을까요? 북쪽이라 한여름에도 굉장히 서늘한데 한겨울에 베란다에 위치해도 괜찮을지요!",0
2023-04-03,@funfac,집마다 환경이 달라서 실제로 해봐야 알거 같습니다,0
2023-02-21,@지나가는나그네-b3t,미생물이란 건 도대체 어떤 걸까 유기물을 분해해서 질소를 순환시키고 식물에게 영양소를 주고 심지어 하수 정수때도 쓰인다던데 진짜 신기하다,0
2023-02-17,@나나나-w1p,한번 만들어 보고 싶은데 습한 여름 괜찮을까요?,2
2023-01-17,@고라리-v2z,벌레안생기나요? 계란껍질 화분에 주려규 흙에 섞었다가 좁살만한 날벌레 엄청생겨서 고생했습니다,2
2023-01-12,@debbyoh4220,그냥 흙에다 과일 껍질등을 넣기만 하면되네요.<br>베란다 텃밭을 시작하려는데 정말 좋은 정보가 되었네요.<br>그냥 화분에 넣어도 된다는 거지요~?<br>독해서 식물이 죽거나 하지는 않을지요~?<br>부추를 심으려고 하는데요~,1
2023-01-05,@gf401,참 유용한 영상입니다. 정말 감사합니다.,4
2023-01-05,@funfac,도움이 되셨다니 감사합니다,0
2022-12-18,@user-vm2sh2cv9n,겨울에도 퇴비함 가능한가요? 미생물들이 추워서 죽지 않을까요?,0
2022-12-14,@둥둥둥-z5b,흙으로만하는건가요?????,0
2022-12-03,@김추화-l2h,정보감사합니다 텃밭에 음식물퇴비 요긴하게 사용하겠어요~~,0
2022-11-29,@지구별-y1n,5월에 자취 시작하고 이 영상이 생각나 열심히 해보았지만 역시 여름엔 초파리가 너무 많이생기더라구요ㅠㅠㅋㅋㅋㅋ 뚜껑여니 초파리가 우루루 나와서 그대로 뚜껑덮고 밖에 흙 다 갖다버렸네요<br>날이 선선해지고나서 바로 다시 사용하고있는데 뚜껑밖에 갈색 점같은게 있길래 이게뭔가 했더니 엄청 자잘한 벌레들이더라구요??? 이런 벌레 뭔지 아시나요?ㅠㅠ 또 갖다 버려야할까요,4
2024-06-15,@앨리스-s7z,음식물쓰레기를 잘게<br>잘라서 하시면효과가<br>더 좋고ᆢ<br>음식물쓰레기와 흙을 잘 섞어주고 그 위에<br>다시 흙을 적당히 덮어서 음식물쓰레기를 공기와 차단하면 괜찮을겁니다<br>그래도 벌레가 발생을 한다면 어차피 그 통<br>안에서 일어나는 일이고 시간이 지나면 자연소멸이 될것이니 넘 신경 안쓰셔도 될것입니다,3
2022-11-21,@백이사-m5t,대단하네 싱크대 구멍에 뭘 깔아서 물을 뺀거죠?,0
2022-12-03,@qqpp3089,싱크대망 이에요 다이소가도 있고 인터넷에도 있습니다~,0
2022-11-06,@파란잎새,영상보고 따라해봤습니다.<br>발효시켜서 화분흙으로 사용할 목적으로...근데 흰색 구더기 같은것이생겼어요.크기도 크고ㅜㅜ왜 생겼을까요?,0
2022-10-26,@호야일기,음식물 퇴비를 님과 같이 유투브 보고 해봤습니다  벌레도 없고 냄새도없이 잘 분해되었지만 퇴비함 온도가 올라가지 않고 된 퇴비도 효과가 있을까요,2
2022-10-25,@bdk634,커피가루를 같이해 보세요. 냄새가 나지 않아요,11
2022-10-24,@황영지-d2m,궁금한게 있어요! : 처음에는 상토와 물을 좀 넣나요? 그리고 저렇게 완전히 흙으로 돌아간 애들이 점점 많아져서 상자에 넘치게 되나요? 밭에 사용하면 계속해서 상토를 구입해야 하는거죠...?,1
2022-10-23,@PassionGardner_73,아주 유익한정보 걈사합니다~<br>질문있습니다^^<br>퇴비발효과정에서 열이 발생하잖아요~<br>그럼 퇴비함을 베란다에 두세통 만들어  둔다치면 겨울베란다 밤온도 올리는데 도움이 될까요? 화초들 베란다월동 해야하는데 영상보니 이 또한 효과가 있지 않을까? 생각이 들어 여쭤보아요~^^,0
2022-10-24,@PassionGardner_73,@@funfac ㅠ 그렇군요~답변감사합니다^^,0
2022-10-10,@Korea-1948-o2z,지렁이조차 안 쓰시는군욤!,0
2022-09-24,@sanyawool,환경보호 자원재활용 좋아요. 옥상텃밭에 거름도 하고 좋은 영상 감사합니다.  저는 그냥 화분 흙에 묻어서 처리합니다.  수박껍질  공감갑니다. 쪼개서 나누어 처리합니다. 유기물은 외부반출없이 재활용이 목표입니다. 옥수수 속대는 1년갑니다.  좋아요😀👍,4
2024-06-15,@앨리스-s7z,속대도 잘게 잘라 넣으면 더 빨리 분해됩니다,0
2022-09-06,@지금이야-v4d,영상보고 만들어서 잘 사용 중입니다.<br>와이프가 집 안에 두기 싫어해 실외기실에 두고 사용 중입니다.<br>벌레 문제는 어떻게 해결하셨는지 궁금합니다.<br>(실외기실이라 햇빛이 적게 들어와서 살균이나 수분 조절에 실패 했던 것 같습니다)<br>양파망을 두겹으로 해서 숨구멍을 만들었는데 여름이 되니 초파리는 자유롭게 드나들더군요.<br>한번 발생한 초파리는 애프킬라로 죽여도 잘 없어지지 않습니다. 몇일 연속으로 애프킬라 뿌려 초파리는 많이 없어졌는데 애벌레는 계속 나오네요. <br>벌레 발생 안되게 하는 노하우가 있나요?<br>양파망이 엄청 촘촘해보이는데 따로 구매하신건가요?,5
2022-11-14,@꿀풀-u5t,@@funfac  양파망보다 부직포가 더 나을듯해요,0
2023-01-16,@싱싱오이-i3l,입다가 버리는 얇은 여름 면티를 잘라서 사용하면 통풍도 잘 되고 벌레가 드나들지 못해서 좋습니다.,5
2023-07-27,@jay-124,스타킹망이 좋아요...아니면 한약짜는 한약망도 좋구요...양파망은 가끔 벌레가 생겨요...,2
2022-08-25,@나-c3t,"안녕하세요 영상 정말 흥미롭게 잘 봤습니다. 제가 주말엔 집을 비워서 주3일은 흙을 섞어주지 못하는데, 그래도 퇴비함 사용할 수 있을까요? 습도 조절 못해서 곰팡이 피고 미생물 죽을까 걱정이네요. 음식물은 한달에 한번꼴로 5L도 못채우고 버리는 정도로 적게 나오는 편이긴 합니다.",1
2023-07-27,@jay-124,가능해요...음쓰를 배수통안에서 강력가위로 잘게 조사는게 핵심...,0
2022-08-09,@dlanjtRh,저도 시도해보려고 하는데 영상 엄청 도움됐습니다!! 감사합니다~,0
2022-07-23,@LUNE,"기계는 70만원인데, 이렇게 만들어 쓰는게 훨씬 낫겠어요.",0
2022-07-18,@따따-n1l,환경도 생각하고 비용도 적어서 도전해보려고합니다! 그런데 두통이아니라 한통사이즈를 키워서 휴지기없이 한통으로 운용은 안되나요?,0
2022-07-16,@청개구리-e1p,좋은  정보  감사합니다 ㅡ<br>빈상자만  준비하면  쉽게  처리하고 환경도  보호 할 수있는 좋은 정보 입니다ㅡ,0
2022-07-16,@주동행-x4s,음식물이 완전분해됀는 시간이<br>얼마나 걸리나요?~,0
2022-07-13,@LF-pb9cg,이 영상은 옛날에 봤는데 엄두를 못내다가 파 기르기 하려구 흙 산 김에 지금 만들었어요 두근두근 ㅎㅎ 좋은 정보 감사해요😄,0
2022-07-09,@미화-v8n,휴지기가진 음식물쓰레기통의윗표면에하얀알갱이점점이생기네요~<br>그래서뒤집어주고는 표면에마른흙을덮어주었는데<br>담날보니똑같이하얀게<br>이유가뭘까요~?<br>마른음식물쓰레기넣었을때는<br>습기를좀보충해주는게좋겠죠~?,1
2023-05-28,@강정호-d3u,발효 마지막쯤에 피는 백강균같습니다. 동충하초균이라고도 하고요. 발효가 정상적으로 잘 된것 같습니다. 마른 상태에서는 균들이 활동하기 어렵습니다. 어느 정도 습기가 있어야 합니다.,1
2022-07-06,@봄터의정원,저는 주택에 살아서 야외에서 할 수 있을 것 같아서 시도해보려고 해요<br>이웃에서 음식물 쓰레기통을 못 놓게 해서 지금 스트레스가 많았거든요. 처리기를 살까 고민중이었는데 이 방법 해봐야겠네요<br>em액을 쓰면 분해속도가 좀 빨라질까요?<br>작년에 만든 퇴비는 잘 만들어지긴 했는데 시간이 많이 걸리고 젖은 염분기있는 건 안넣어 만든거라<br>만족할만한 흙이 되었어요<br>염분기있는 음식물 쓰레기처리도 가능하다고 하시니 시도해볼께요,0
2022-07-04,@이혜리-r6l,음식쓰레기 많이 안나오는 집은 쓰기 좋을거같아요<br>여름에 음쓰처리기 사야하나 고민하다<br>전에 본 영상 기억하고 왔어요ㅎ,0
2022-08-19,@이혜리-r6l,"@@funfac 현재 두달째 사용중인데 ,<br>날파리가 꼬이는 이유는  왜그럴까요?ㅠ<br>한달 됬을때는 사용 잘 했는데<br>두달째 되니 날파리때문에 고민이 되서 다시 왔어요ㅜㅜ",0
2022-06-30,@siwon1690,이거 알고리즘 타서 많은 사람들이 봤으면 좋겠네요!,6
2022-06-28,@ashpoppy7136,"첫 댓을 남기고 한달넘게 지났네요. 퇴비통을 사용해본 후기를 간단히 남길게요. <br>음식을 하면서 재료 정리할때 나오는 부산물, 과일껍질을 주로 넣었구요, 일단 버려야 한다는 개인적 죄책감을 덜수있는게 제일 좋았네요😅 <br>물론 처리기능도 제법 좋아요!! 단, 신선하고 새파랗게 살아있는 애들은 확실히 썪는데 상대적으로 오래가구요(또미안) 마늘쫑같은 줄기, 양파의 붉은 껍질 같은 저항성이 강한 외피같은 것들이 제일 안썪는것같아요. 그런 애들은 적당히 잘라서 넣거나 음식물로 버려주고 있습니다. <br>하루이틀에 한번정도 주걱으로 휘저어 주면서 흙냄새를 맡는다던지 점점 흙이되어 사라져가는 모습을 보며 흐뭇해한다던지 뭔가 힐링도 되요. 효율이 최상은 아니지만 정말 만들기 잘했어요. 다시 왔더니 댓글로 또다른 꿀팁들이 보이네요 감사합니다😊",64
2022-06-27,@777css,"좋은정보 정말 감사드립니다~~집에 원예용 용토 라는거 있어서 만들었어요!괜찮을까요~.    잘되었으면좋겠어요. 여름되서,  혹시 구더기는 안생기나요? 걱정;;",0
2022-06-24,@margegunderson9121,"정말 도움되는 영상입니다, 재료가 모두 있으니 당장 시도해 볼 수 있겠어요! 감사합니다 ! 🍅🫑🥬🌻",0
2022-06-24,@im-an-egg.,"안녕하세요. 궁금한게 있는데 <br><br>퇴비함은 알루미늄박스여도 괜찮나요?<br>잔반 분해가 끝났다면 하루한번 뒤적임을 그만해도 되나요?<br>길게 여행을 갈때는 어떻게 처리하시나요?",0
2024-05-03,@lepus2985,흙속에 남아있는 수분과 가스빼줄 수 있게 해주시는게 좋을 것 같아요,1
2022-06-20,@Grand_ma_,남은것은 관리는봉지에  나두는지,0
2022-06-20,@Grand_ma_,중 요한것은어다에 사용하는지 회초에써도 벌러지가인생기는지,0
2022-06-18,@hjs7854,도움이 많이 되었습니다 감사합니다,0
2022-06-17,@goocker44,미생물은 어떻게 구하나요???,0
2022-06-18,@goocker44,@@funfac 아 그러면 흙을 놔 두면 저절로 생기는 건가요??????????,0
2022-06-16,@민옥박,너무 알고싶었던 내용이었고 정말 도움 많이 되었어요!!,6
2023-04-04,@김종순-q8b,잘 만들어진 이엠 용액에서는 사과주스 냄새가 나요,0
2022-06-14,@미화-v8n,실내퇴비함만드는 영상은많은데 변화과정을 자세히보여주는 영상은별로없어서 냄새나 여타문제에 대한고민으로 망설였는데 <br>이영상보고 고민끝이네요<br>준비물이나 절차도간편하고<br>결과에대한확신도 있으니당장해봐야겠네요.<br>환경에도도움되고 텃밭에도이용할수있으니 안할이유가없습니다^^<br>알찬영상감사합니다.,14
2022-06-13,@MrJeuos12,이 영상을 기초로 태양광 모터로 바닥 타이머 설정해서 해봐야겠어요!!,1
2022-06-13,@좋은날-o9d,"이 영상 보고 이 방법대로 하고있는데 <br>음식찌꺼기는 과일껍질이나 야채만 넣고있습니다. <br>냄새 거의 없어서 실내구석에서도 가능해요. 저는 베란다에....<br><br>저는 노는 화분흙이 영양분이 빠진거 같아서 화분 2개에 번갈아가며 음식물 찌꺼지를 넣고 있고, 지난주에는 스티로폼 박스에  지렁이를 구입해서 넣어 지렁이도 흙을 도와 음식물 분해에 동참고 있습니다. 음식물쓰레기 배출량이 많이 줄었어요. <br>좋은방법 알려주셔서 감사합니다.",2
2022-06-09,@Song-qb5co,단백질 및 지방류는 넣으면 냄새가 많이 날까요? 그렇다면 냄새가 안느껴질정도의 양은 어느정도일까요?,2
2022-06-08,@user-ci6qn7gd1y,최고 최고에요,0
2022-06-08,@user-ci6qn7gd1y,"제가 링클을 산지3달이지났지만 선생님 영상보고 곧장 만들어쓴지 10일이 지났어요,<br>제안대로 두개 만들었어요, 아주큰걸로 했고 흙은 나무숲아래 부엽토로 했어요,<br>저는 야외에 두며 비가들어가지 않게 옆면을 두개 내서 열이 잘 나가게 했어요,<br>기계도 썩어주는터라 박스에 한번 썩어준후 다음 넣을때 보니 뽀슬거려 좋았어요,<br>이렇게 좋은 정보를 나라에서  모든 가정에 전달했으면 좋을 것 같아요,<br>고기도 조금 넣었는데 괜찮았어요, 아에 뚜껑도 열어 놓았어요,<br>정말 감사해요,,,",9
2024-10-11,@stl129,집안에 두시나요?,0
2022-06-07,@이명희-w2n,넘 잘보고 음식물 때문에 고민이 많았는데 옥상에 키우는 애들 거름 주면 도움도 될고 참좋네요 감사합니다 ~~~,2
2022-06-06,@촌철활인-z9d,저는 지렁이로 음식물 처리해요.<br>위 영상과 같은데 다른건 지렁이 일꾼을 투입한다는 점 다릅니다.,0
2022-06-06,@fuadkim,"<a href=""https://www.youtube.com/watch?v=qcVabVb-XKA&amp;t=636"">10:36</a> 저는 지렁이를 키운 적이 있는데 수박껍질 넣어주면 지렁이들이 광분?해서 먹어치우더라구요.ㅎㅎ",5
2022-06-05,@mekopark3201,오옹... 벌레 없이 깔끔하게 잘됐네요. 매일 뒤적이다니 바지런하심 b 전 귀찮아서 텃밭 옆에 포대 몇개 두고 순차적으로 분해 다 된 포대에서 다음 포대로 음식물 버릴때 덮는흙으로 사용함. 벌레 꼬이는거 말곤 별 문제는 없네요. 옆에 텃밭이 있어서 포기한부분,4
2022-06-03,@밤밥,냄새 겁나날거같애,0
2022-05-31,@감사-y7r,감사드립니다,1
2022-05-31,@windytree17,"실내에서 할수 있다는게 가장 매력적이네요. 되도록 야채, 과일껍질로 하고 EM은 사용하지 않는것이 냄새방지에 좋겠군요. 집에 양파망도 있고 스티로폼 박스도 있어서 오늘부터 뒷베란다에다 설치해볼랍니다 ㅋㅋ<br>집에 식물이 많은데 화학비료주기 싫었는데 잘 됐네요",2
2022-05-30,@amelie8607,펀팩님 말씀대로 해봤는데 자꾸 솜털같은 흰곰팡이가 생겨요 ㅠㅠ 햇빛에 말려야할까요?,0
2022-06-04,@amelie8607,답변 감사합니다,0
2024-08-04,@도르륵-y6y,저도 곰팡이가 자꾸 쓰는데 어떻게 해야하나요? ㅜㅜ,0
2022-05-29,@hanator4228,"잘 관리하고 계셔서 보기 좋네요<br>전공자 입장에서 볼 때 추가됐으몀 좋겠다 싶은 점은 <br>1. 과일산은 의외로 산성이 pH2 정도로 산도가 강함, 산도가 강해지면 미생물의 활성이 어느슌간 급격히 떨어지니까 계란껍질같은 알칼리성 물질도 같이 넣어주면 좋음<br>2. 미생물의 활성에 온도는 매우 중요한 지표라 가능하면 20도 이상의 환경을 유지해줘야 합니다 미생물마다 좀 다른데 대략 10~15도 이하면 활성이 급격히 떨어져요<br>3. 이건 제 아이디어인데 산소를 많이 주입하면 할수록 미생물 활성이 좋아지고 냄새물질 제거에도 좋으니 수조 펌프에 중간준간 구멍을 뚫은 얇은 호스를 달고 그 호스를 흙에 묻어놓으면 지속적으로 산소가 공급되어서 처리속도가 확실히 빨라지고 매일 뒤집어줄 필요도 없어질 것 같네요",211
2022-07-16,@혜봉-j2u,...에어펌프 대박 굿아이디어,9
2022-10-21,@황영지-d2m,초반영상에서 계란껍질은 안넣으시길래 넣으면 안되나보다 했어요 같이 넣어줘도 괜찮겠군요! 당장 시도해보겠습니다,8
2022-12-28,@_____________...,천재만재시네요ㄷㄷ,4
2023-04-09,@이향미-d2p,"수조펌프에 중간중간,,,,,,,,,이거 어떻게 만드는건지 이해가 좀 안되는데요<br>좀 더 자세한 설명 부탁드려 봅니다<br>날마다 뒤집느라 오십견 어깨가 너무 아파서요ㅠ",4
2024-03-05,@하하하-s7p,뚜껑이 있는 원통에 3분의 1정도 흙넣고 바닥에 적당히 굴리시고 ..세워서 뚜껑열고 .. 촘촘한 모기장 두번이상 겹쳐 덮어 (통기) 보관하심 좋을듯.,4
2022-05-26,@sshpark1828,매번 좀 관심 가져주면 비싼 린클 안사도 되겠네요 ㅎ 매번 관심 갖는게 어렵지만..,0
2022-05-25,@Wasana3019,냄새 같은 건 안 나나요?,0
2022-05-26,@Wasana3019,@@funfac 답변 감사합니다,0
2022-05-25,@sly4420,잘보았습니다 여름에는 온습도가 올라가는데 다른때랑 같던가요 집에 코코신기토가 있는데요 상토 대신 사용해도 될지궁금합니다,0
2022-05-25,@rawcarrot,영상을 보고 한 번 따라 해보려구요!!<br>긴시간( 3-14일) 정도 집을 비워야하면 어떻게 해놓고 집을 비워야 문제 없을까요?!,1
2022-05-24,@jongeunlee2742,너무 좋은것 같아 만들어봤는데요. 이틀 지나서 열어보니 안쪽에 날벌레가 생겼어요.<br>원래 그럴까요?,0
2022-05-23,@sbstnsng6976,저기에 지렁이까지 넣으면 정말 빠르지 않을까,0
2022-05-22,@나를위한-j8o,덥기 시작한 요즘 시작해보니 날파리가 생기더라고요.<br>하지만 음쓰 모아놓을 때 보단 현저하게 적어서 견딜만 하네요. <br>그래도 조금의 날파리도 생기지 않게 하려고 나름 이리저리 해보고 낸 결론은.<br>음쓰는 최대한 작게 잘라 넣는게 좋은 거 같고요.<br>잘 섞고서 새 흙을 위에 얇게 덮어서 음쓰가 안 보이게 해 주면 하루살이가 잘 해야 한 두 마리 보이더라고요.<br>그리고 전 양파망 말고 안 쓰는 스타킹을 잘라 붙였습니다. 스타킹이 더 구멍이 작아요.<br>그리고 em용액 없이 빨리 발효될수는 없나 싶어 음쓰들 비교해보니까요.<br>축축하거나 입자가 작아야 빨리 썩었고요.<br>마른 채소 껍데기나 꼭다리 같은 건 잘 안 썩는듯 했습니다.<br>잘 안 썩을듯한 것은 음쓰봉투 같이 써가면서 써볼 생각입니다.<br>조금 번거롭긴 하지만 전기 사용하는 음식처리기보단 낫겠다 싶어서 베란다에 놓고 계속 사용해 볼 생각입니다.<br>진짜 친환경이면 전기도 쓰지 말아야 겠거니 싶어서 택했습니다.<br>그리고 음쓰 봉투에  냄새나는 물 뚝뚝 떨어지지 않는 것만으로도 살만하네요.<br>옥상에 만든 텃밭에도 비료로 용이할 것 같고요.,19
2022-05-26,@나를위한-j8o,@@funfac그 생각도 했는데 음식물 나올때마다 벌레 안 생기게 바로바로 처리하고 싶은데 그때마다 옥상에 올라가기가 번거롭더라고요. 2층에서 5층(옥상층)까지 가야 하는 거라서  귀찮기도 하고 텃밭 가꾸기는 부모님 취미생활이시라 전 자주 안 가기도 하다보니 이 방법을 써보기로 했어요;;<br>퇴비는 어쩌다 한번씩 올려드리면 될 것 같아서 ㅎㅎ;;,0
2022-06-04,@youngsmom3373,@@funfac 고무대야재질도  같은 방법으로 하면될까요??배양토만 가지고,0
2023-07-27,@jay-124,댓글중 최고..,0
2024-04-01,@jay-124,스타킹 좋은 아이디어네요....양파망은 벌레가 들어갑니다...,0
2024-06-15,@앨리스-s7z,멋진분이시네요👍,0
2022-05-22,@ddkim8237,그냥 종량제 쓸란다 와;;;;; 뭐냐이게;;,0
2022-05-20,@P40WarHawk,77만원짜리 음쓰처리기 사서 쓰고 있습니다. 기능에 비해 너무 비싼게 사실인데 편하긴 합니다. 뭔가 환경 보호를 실천하는 느낌도 들고요. 수동으로 하는 것은 엄두가 나지 않습니다만 이런 방법도 있다는 걸 배우고 갑니다. 실천하는 당신께 좋아요 누르고 갑니다.,57
2022-06-13,@guy31012,어떤 제품인지 알 수 있을까요? <br>77만원이면 혹시 린클?,1
2022-12-08,@pqlamzo7751,린클 쓰고있는데 너무 편하고 냄새 전혀없고 대 만족입니다,3
2023-04-15,@eabaek2369,전 타사꺼... 냄새 나요ㅎ 그래도 음쓰가 줄어들어서 좋아요.<br>음쓰양이 많아서 그런가 저 스티로폼도 탐나네요 흙도 있고스티로폼도 있고 음쓰도 있고,1
2023-06-05,@sookjasung9636,​@@guy31012 ❤,0
2024-09-08,@박킨,오....예쁜 댓글..,0
2022-05-20,@주주-m4f,ㅋㅋㅋㅋ 음쓰처리기 보러 왔는데 요리실력이 화끈하니 맘에드네요 요리영상도 괜찮겠어요<br>발효되면서 온도가 올라가는것도 너무 신기해요ㅠ<br>이런 고품질 영상을 방구석에 누워 편하게 보게 해주셔서 감사합니당,21
2022-05-19,@cocohand781,발효랑 썩는것 부패는 다른가요?,0
2022-05-19,@tkssktn4459,유익한 정보 정말 감사해요 자연도 사랑하고 꿀팁,0
2022-05-19,@ashpoppy7136,원예용흙과 통만 있으면 된다니...! 요즘 정말 알고 싶었던 정보였어요. 너무 좋은 영상이에요. 감사합니다!,18
2022-05-18,@beelzebub9197,퇴비함에 넣지말아야 음식이 뭔가요?,0
2022-05-19,@beelzebub9197,@@funfac 감사합니다.,0
2022-05-17,@이우연-n7s,"진짜 신기하다..스티로폼, 흙, 주걱, 내 시간만 있음 쌉가능이네",2
2022-05-17,@honeybadger0306,식물 키우는 환경이면 장점이 극대화 되겠네요,1
2022-05-17,@공문학도,신기하고 멋진 영상입니다. 오수처리에 관해서 배우면서 미생물의 분해능력과 정화능력을 알게 되었는데 신기하네요.<br>퇴비함에 지렁이도 같이 이용하는건 어떤지 묻고 싶습니다!,11
2022-05-19,@many2533,지렁이는 습도관리가 중요해 키우기가 생각보다 까다롭다고 하더라구요,1
2022-05-24,@SLee-vh2jw,@@funfac 지렁이가 생각보다 키우기 까다롭습니다. 아주 조금의 충격에도 죽어버리는데 매일 섞어야하는 퇴비함과는 잘 맞지않을거에요,3
2023-07-27,@jay-124,징그러워 기절합니다...절대불가 ㅎㅎㅎ,1
2022-05-17,@jaewoojung1322,집에 진짜 애완용 용암을 키우고 싶다,1
2022-05-17,@푸디에,엄청 영양가 있는 흙 아닌가?,2
2022-05-16,@로마의멸망은자연스러,음식물 쓰레기 종류도 다양한데 예를들어 썩은 고기라던지 아니면 상한 빵 야체 쌀 김치짜투리 이런게 한꺼번에 소화가 되나요?,1
2022-05-16,@xyagxudhd,그냥 음식물찌거기 통에 버릴래..;;,1
2022-05-15,@HadiChooganpan,썸네일 사마귀인 줄,0
2022-05-15,@user-nh9vb3lj6o,이거엄청좋어보이네요.. 벌레는 안생기거나 안꼬일까요?,0
2022-05-15,@qwr1004i,놀랍게도 영상 전문가 채널에서 제일 조회수가 높은 음식물 쓰레기 처리기 리뷰,9
2022-05-13,@뿜뿜-d3v,뼈해장국뼈도 되나요??,1
2022-05-15,@잡간,뼈는 일반쓰레기에요,0
2022-05-11,@hihihi338,아두이노정도 간단하게 사용할줄 알면 자동화도 거의 가능할 것 같네요,0
2022-05-11,@uranusangheljygalagg3103,"벌레들이 갉아먹고 그 변이나 작은 가루들을 미생물이 처리해도 한두달 2,~3달 넘게 기다려야 겨우 분해되는줄 알았는데 생각보다 빨리 사라지는 군요!@@",2
2022-05-10,@kunho1130,신기하넹,1
2022-05-08,@암도트,"저는 지렁이 퇴비함 이용중인데 문제점은 뿌리파리, 염분/기름기 있는 음식물 처리가 잘안된다는 점이에요 <br>흙만 이용한 퇴비함도 마찬가지 문제가 발생한다는 점은 아쉽지만 시도해볼만하네요!!!",1
2022-05-07,@KIM-t5m3l,굿데이 유튜브! 퇴비함입니다!!,0
2022-05-06,@bogota33,좋은 영상입니다. 잘보고 배워갑니다,0
2022-05-06,@늑대가되-n5q,자연은 너무 신기하다,8
2022-05-06,@성주현-m9p,역시 부지런하면 이런것도 가능하군요.<br>환경 생각해서 나름 안쓰려고하고 관리하려고 하고 그랬는데 중국놈들 버리는거 보고 아 내가 아무리 뻘짓해봤자 지구엔 도움이 안되겠구나 싶어서 포기했습니다.,1
2022-05-06,@-3-0_0-3-,좋긴한데 여자친구가 보면 기겁할듯,0
2022-05-06,@cheeseduckpan_studio,영상디자인 하시던분아닌가,0
2022-05-06,@MY_mando298,여기에 만약 지렁이는 넣으면 어떨까요?,0
2022-05-05,@d-noh1163,음식물쓰레기 사려고 이것저것 알아보는 중이었는데 마땅한게 없어서 고민중이었는데 이 방법이 딱이네요. 저도 사지말고 이 방법으로 해야겠네요. 감사합니다.,7
2022-05-05,@diary2101,"선생님 <a href=""https://www.youtube.com/watch?v=qcVabVb-XKA&amp;t=170"">2:50</a>초대에서 영상을 어케 찍으신건가요? 머리에 스마트폰을 달으신건가요? 혹시 그런 제품이 있다면 말씀 좀 부탁드립니다.",0
2022-05-05,@diary2101,@@funfac 감사합니다!,0
2022-05-05,@cirius.v_v,와우.. 첨 시작은 정망 스티로폼에 배양토 넣는 걸루 괜찮나요??? 이후 사용은 영상처럼 음식물 묻어둔 담에 하루에 한번씩 바닥까지 골고루 섞어주면 되는거죠?? 처음 할 때도 세팅하고 바로 음식물 버려두 되나요????,0
2022-05-04,@아카샤-j5q,정말 잘봤어요~<br>저는 만물상에서 했던 EM사용방식으로 사용하고 있긴한데 가끔 물탕이 되거나 곰팡이 피고 하는것이 정상인지 아닌지 몰랐거든요.<br>좀 더 안정적으로 사용 할 수 있다는 자신감이 생기네요.<br>감사합니다^^<br>잘게 안잘라도,1
2022-05-04,@윤룬-f4p,햇볕에 안쬐어도 되나요?,0
2022-05-03,@민정이-g8d,우와 오랫동안 영상 만드시느냐고 고생하셨을거같아요!!,2
2022-05-03,@fredkim01,너무 절차가 길어,0
2022-05-03,@jonna_masita,썸네일 사마귀인줄;,0
2022-05-03,@김덕배-m9k,아직 따라할 엄두는 안 나지만 진짜 좋아보이는데... 저거 뒤집는 주걱은 어떻게 관리하시는지도 궁금해요 밖에 꺼낼 때 흙 떨어질 거 같은데 넣은채로 보관하나요?,6
2022-05-03,@아아아아-j7w,포도씨 넣고 싹나는거 아닌가 모르겠네요 ㅋㅋㅋㅋㅋ,2
2022-05-03,@jinsilhu6303,와 너무 유익한 영상 감사합니다. 미국에서 음식물 처리로 고민하다가 영상 찾았는데 잘 적용해 보도록 할게요 :)),2
2022-05-02,@박순영-t4f,대단합니다 <br>과학적인 사고력 최고입니다 고맙습니다<br>응원드립니다,11
2022-05-02,@파니핑크-k1y,좀 생뚱맞지만...<br>손이 곱고 예뿌세요~~^^,0
2022-05-02,@ABCDEFYOU,이걸 단단한 통으로 하고 외부에서 손잡이를 돌려서 안에 퇴비를 섞어줄 수 있게 만들면 엄청 실용성 있게 쓸 수 있겠어요!,46
2022-05-04,@시내-i4k,도자기나 스댕..? 미생물음식물처리기보다 저렴할꺼같아요 !,0
2022-05-17,@yangbuk84,그게 음식물처리기 ㅋㅋㅋ,0
2022-06-08,@shouter-bi2st,금속은 미생물을 죽일수 있어요<br>음식물처리기도 환기통으로 냄새가 나오긴해요,1
2023-04-09,@이향미-d2p,​@@시내-i4k 저도 그 아이디어 생각했거든요<br>스티로폼은 그대로 써야할거 같고 옆면에 구멍을 뚫고 뚫은부분은 플라스틱으로 메꿔주면 될거 같죠돌릴때도 흔들리지안게 보완하고<br>안에는 비싼 음식물처리기처럼 V자 모양으로 만들어줘야  하고요<br>그 부분이 좀 힘들겠더라구요<br>그렇게 만들수만 있다면 따봉!!이겠죠,1
2023-05-28,@강정호-d3u,알리 보시면 말씀하신 기능구현된 제품 나와 있습니다^^,0
2022-05-02,@oxxo2672,"안녕하세요.<br>촬영 문의로 e-mail 드렸는데 확인 한 번만 부탁 드리겠습니다.<br>회신 손꼽아 기다리고 있을게요~ 감사합니다.",0
2022-05-02,@ceradosomething1729,저 예전에 이렇게 하다가 뚜껑 열어 놓고 잠깐 방치한 적이 있었는데 그 뒤에 생전 처음 보는 벌레가 바글바글거려서 기겁했던 적이 있어요ㅎㅎ 영상보니 다시 퇴비화 하고 싶긴 한데 그 때의 트라우마로 용기가 안나네요;,8
2022-05-02,@제주사람-g1z,미생물처리기 그 미생물이 요즘에 염분한테 강하다니 구할수있으면 섞으면 좋겠네요,2
2022-05-02,@제주사람-g1z,@@funfac 우점균으로 한번만 접종시키면 거의 영구적으로 쓸수있을거같아서요  ㅎㅎ,0
2022-05-02,@jip3705,낚시점에가서 지렁이 한통 사다 넣어주면 더 빨리 분해됩니다..,1
2022-05-02,@민-n7o4b,과일껍질이나 말려서 퇴비에 넣어도 될까요,0
2022-05-02,@민-n7o4b,다이소가서 상토 사왔네요~^^<br>감사해요~~^--^,0
2022-05-02,@Mm-gc6cz,영상 잘 봤습니다 ~~ 퇴비 교환은 필요 없을까요?,0
2022-05-02,@selmalee3676,그냥 딸랑 흙이에요?   미생물 뭐 그런 거 있어야하는 게 아닌가요?,0
2022-05-02,@selmalee3676,@@funfac 오~글쿤요  저런 방법 생각도 못했어요   당장 흙사다가 해봐야겠어요  한참 쓴다음에 식물 심어도 되겠어요 우와~,0
2022-05-02,@달그락-p6v,음식물 매립지에 대형 산업분쇄기로 싹다 갈아서 매립시키고 산소구멍만 여러군데 꽂으면 되겠네요..음식쓰레기가 분해되는데 하루이틀이면 될 정도면..,0
2022-05-02,@Ciekify,모든걸 다 떠나서 과학적인 고민을 하시고 이를 변인 통제한 나름의 시스템에 집어넣으셨다는게 인상적이네요. 좋은 영상 잘 봤습니다.,79
2022-05-01,@Greenbottle4,영상 잘 봤습니다. 꽤 흥미가 생기는데 가족 구성원의 동의를 먼저 얻어야겠지요 ㅠㅠ. 과일 씨앗도 많이 버리시는데 혹시 퇴비함에서 발아하는 경우는 없으셨나요? ㅎ,9
2022-05-08,@암도트,사과 씨앗은 발아하더라고요 영양이 부족해서 금방 시들지만 ..,3
2022-05-01,@likeatree4517,지렁이가 있어야만 가능한줄알았는데 아닌흙도 가능하군요.,4
2022-05-01,@김성빈-z8q,처음 썸네일 왼쪽보고 사마귀인줄,0
2022-05-01,@dongkeun63,영상 잘 봤습니다. 원예용 상토에 그냥 음식물 쓰레기를 넣고 섞어 주면 되는건가요? 미생물 종균 같은건 필요 없나요?,11
2023-07-10,@두더지-u7q,저도 궁금합니다,0
2022-05-01,@에픽하이-c3p,채소와과일정도빼곤 나머진 그냥 종량봉투에 담아야 합니다. 그래도 조금이라도 쓰레기를 줄이려는 노력. 리스펙합니다~^^,2
2024-06-15,@앨리스-s7z,"다른 유튜버님의 영상을 보았는데ᆢ<br>집이나  텃밭에 통을<br>만들어 응식쓰레기를<br>흙에 묻으면 그냥 넣어도좋지만 잘게 썰면 더 좋고<br>식물성이라면 일반<br>쓰레기로 들어가는 아이도 다 가능하고<br>생선의 뼈나 소고기,<br>돼지고기,닭고기등의<br>뼈도 조개껍질도 다<br>넣어도 되고 다 분해됩니다<br>계란껍질도 넘 고마운 아이고요<br>음식쓰레기,일반쓰레기를 구분하기 힘들고<br>1인가구에 음식쓰레기가 조금 나온다면 정말 경제적으로도 친환경적으로도<br>좋은 방법입니다👍",3
2022-05-01,@나의별-d1f,저도 펀팩님 영상보고 음쓰처리스티로폼을 만들었는데 지금 10일차예요..<br>근데 발효과정에서 온도가 올라간다고 하셨는데 저희집은 왜 온도가 올라가지 않을까요?<br>온도계가 없어서 재보진 안았는데 아주조금 미지근한정도?<br>상토색깔은 발효과정에서 원래 조금 검게 변하나요?<br>하도 온도가 올라가지않고 음쓰가 쌩쌩해서 발효제를 사다 뿌렸는데<br>온도는 올라가지 않는 상태에서 음쓰는 사라지고 있지만 흙색깔이 좀까메요..<br>습기가 날아가면 괜찮아지려나요?<br>퍽팩님은 흙과 음쓰만 하신다고했는데<br>맨처음 시작하실때부터 온도가 올라갔나요?,0
2022-05-01,@나의별-d1f,@@funfac <br>아 감사합니다.. <br>답답한부분이 알끔히 해결이 되었네요..<br>전 혹시나 흙이 썩어서 그런가 하고 걱정을 좀 많이 했었거든요..<br>한가지 더 궁금햐게 있는데 <br>하루에 두번 섞어주어두 되나요?,0
2022-05-01,@홍-h8n,악 노란자를 터치다니 ㅠㅠ,0
2022-05-02,@홍-h8n,@@funfac 취향인정합니다^^ 드립,0
2022-05-01,@힘내요당신,매우 정성스럽고 유익한 정보라 감탄했습니다!!,5
2022-04-30,@뉴스클릭-z1u,너무  좋네요,0
2022-04-30,@돈노돈주,벌레를 두려워하지 않는 분은 지렁이를 넣어 키우면 훨씬 친환경 적으로 퇴비를 얻을 수 있겠네요..,7
2022-05-03,@ta2oos,흙 뒤적뒤적하다가 지렁이 절단됩니다 ㅠㅠㅠ,8
2022-05-04,@yunajeung7348,@@ta2oos ㅜㅜㅜㅜㅜㅜ,1
2022-04-30,@최성월-u9z,안녕하세요 잘 보고 있는데요 너무 궁금해서 한 가지 물어볼게요    흙 하고 음식물 가지고 만 하나요,0
2022-04-30,@user-bq4rz9zw9r,저희집은 백만원 넘는 미생물 음식물처리기 사용중인데 이런 방법도 있네요 ㅜㅜ <br>미생물 처리기 집에 들이면 삶의 질이 좋아져요..,4
2022-04-30,@_nyong_,여름에 이렇게 해도 괜찮은가요?? <br>매번 여름만 되면 초파리 생기니 골치아파서요 <br>여름에 해도 좋다면 해봐야겠어요,0
2022-04-30,@dangibong5567,참 유용한 영상이네요.  여러모로 실생활에 또 환경에 많은 도움이 되겠네요.,11
2022-04-30,@최영준-o8z,"영상 중간쯤에 em말씀하시던데요.<br>냄새 없는 제품도 있던데, 사용해도 될까요?<br>흙에다 일정비율로 섞어줘야하는지, 음식물 투입때마다 분사해줘야하는지도 궁금합니다.<br>다자녀가정이라 뭐든지 만만치 않은데, 체험학습마냥 같이 해보고싶어집니다.<br>영상, 고맙습니다",4
2022-04-30,@최영준-o8z,@@funfac 섞이면 냄새가 똥냄새가 난다는 말씀이셨던가요?<br>제가 잘못 이해했나봅니다,0
2022-10-24,@황영지-d2m,과학자들이.. 이엠은 사실 유명해진것에 비해 안에 대단한 미생물이 사는건 아니라고 하더라구요 그냥 일상에 있는 균 종류라 하니 쓰든 안쓰든 상관 없을것 같아요.,1
2022-04-30,@many2533,영상 잘 봤습니다. 저는 관리할 자신이 없어서 기계쪽으로 ㅠ 참고로 생선대가리는 일반쓰레기입니다.,0
2022-04-30,@Harangstudio,뒤집어 줘야한다니 이래서 흔히 보기 어려웠군요,1
2022-04-30,@User-hbkksdbjhfvn,반려동물 똥도 될까요??,0
2022-05-12,@그냥-v3l,다른분 영상에서 개똥도 분해 되더군요,0
2023-05-28,@강정호-d3u,"분해는 되는데, 고양이나 개 똥은 바이러스 감염 문제로 퇴비로 사용하지 않습니다. 바로 버리시는게 좋을것 같습니다.",0
2022-04-29,@aerimkim297,고기나 단백질은 많이 넣지 않는다고 하셨는데 달걀 껍질은 얼마나 넣을수 있나요. <br>이렇게 경험을 공유해 주셔서 정말 감사합니다.,7
2022-05-02,@히야-j1d,아시겠지만 달걀껍질은 일반쓰레기니 한번 물로 씻기고 말린다음 부숴서 일반쓰레기 봉지에 버리면 좋습니다,7
2022-04-29,@독도강치,좋은데요  아파트에서 해도될까요<br>재료는   배양토 와 박스 .양파망 ? 매일 수고로움  추가로 em  원액 있으면 좋을듯,0
2022-04-29,@간장맛초코렛,알고리즘으로 떠서 오! 하고 봤는데 너무 번거롭네  그냥 돈내고 음쓰 처리기 쓸게요,0
2022-04-29,@Bluewhale2901,"저는 아예 바깥에서 열어두고 썼는데 벌래가 단점이었어요. <br>펀팩님 양파망 뚜껑 정말 좋은 아이디어라 무릎을 탁치게 되네요. 간단하면서 최강의 성능인것 같습니다. <br> <br>습기가 너무 많으면 아예 뚜껑을 여신다고 했는데, 그때 벌래가 침입 할 수도 있을것 같아요. <br>양파망 크기를 뚜껑 최대로 넓힌 다음에, 잘라낸 조각으로 뚜껑을 만들어서 덮어두면 어떨까요? 回 모양으로 만들어서 습기를 날려야할 때는 큰뚜껑까지 열고, 평소엔 작은구멍으로 쓰는것도 방법일 것 같아요. 만약 통이 너무 크다면 망이 늘어질 염려도 있으니 뚜껑을 격자형태로 잘라서 창을 여러개 내고, 창살 부분에는 망을 붙여서 텐션을 유지하고, 필요할 때 창뚜껑 여는 갯수로 여닫음을 조절하는 방법도 있겠네요.<br> <br>펀팩님 덕에 좋은 아이디어 얻고 가요. 좋은 컨텐츠 고맙습니다.",2
2022-04-29,@Bluewhale2901,"초파리도 그렇지만 뿌리혹파리가 골치가 될 때가 있습니다. 이놈은 실내 가드닝의 적입니다.<br>뿌리혹 파리가 나온다면, 흙 자체를 버리거나, <br>비닐을 덮고 햇볕에 내놔서 50~60도이상으로 유지해서 살충해서 써야합니다.(7~8월 35도 이상일 때 가능)<br>흙이 소량이라면 들통에 넣고 볶거나 물을 조금넣고 끓이면서 쪄버려도 됩니다.<br>그 외에는 요즘 나온 동충하초균을 이용한 토양용 유기농 농약쓰셔도 됩니다. 그런데 텃밭용이라 집에서 쓰긴 양이 좀 많아요. 식물이 살고있어서 열소독을 하기 힘든 화분에 쓰기는 좋습니다. 상품명은 대유 총진싹이고, 주의하실점은 집에서 곤충을 취미로 기르시는 분은 쓰시면 안됩니다.",17
2022-04-29,@이재원-x8j5l,&quot;퇴비통에서 만든 퇴비 -&gt; 식물생장에 사용 -&gt;다시 퇴비화&quot; 로 무한루프로 사용이 가능할까 궁금해요,3
2022-04-29,@숲-h9i,많은 도움이 되었습니다.. 퇴비를 활용하지는 않나요?  아깝네요. 상추라도 심으셔서  드시면 더욱 유용하지 않을까요?,0
2022-04-29,@jejekim1947,며칠씩 집을비울때는 어쩌나요?,2
2022-04-29,@ChurchEveryday90,굿~^^감사합니다.  잔반처리까지 디테일설명  염분을 제거하고 또 재사용 유익한 정보입니다.,3
2022-04-29,@체셔-c2b,존경합니다. 당장은 자신이 없긴한데 시도해보고 싶네요.,4
2022-04-29,@philliplouis2573,너무좋은거같아요 구독하고 갑니다,1
2022-04-28,@부산언니-t6c,너무 유용합니다. 과일꼭다리랑 씨만 조금 나오는데 해봐야 겠어요^^,0
2022-04-29,@ji-younglee5744,씨가 새싹될듯..,1
2022-04-29,@부산언니-t6c,@@ji-younglee5744 ㅋㅋ..그럴수도 있네요.,0
2022-04-29,@부산언니-t6c,@@funfac 콩나물과 버섯이 자라면 그냥 키워서 먹어야 겠네요. ㅋㅋ,0
2022-04-28,@나만고양이없어-z1r,미생물을 이용한 건 줄 알고 짧게 보려했는데 그냥 흙뿐이네요 신기하고 화분을 키우는 1인 가구라 한번 해보고 싶은 방법입니다.,10
2022-04-29,@나만고양이없어-z1r,@@funfac ㅎㅎㅎ아이스박스 이미 줏어왔어요,1
2024-10-27,@missjuhee,흙에 미생물이 있어요. 미생물들이 분해를 해주는걸로 저는 이해했습니다.,0
2024-10-27,@missjuhee,아 그리고 미생물은 음식물쓰레기에도 있어요. 이로운 미생물들을 선별 해 모은게 EM 이고요. 이미  아셨을지도 모르지만.,0
2022-04-28,@newanitype5476,소리만 듣다가 깜짝 놀랐습니다 . 퇴비 이야기하다 스프넣었어? 맛있네 그래서요  ㅋㅋㅋㅋ,0
2022-04-28,@열심히달려라,퇴비가 쌓이면 나눔해도 좋겠네요 오~ 그럼 아름다운 국토강산 만들듯  응원해요^^❤,5
2022-04-28,@OO-os5yv,집에 뿌리파리를 비롯한 온갖 파리목 생물을 키울 생각이 아니라면 안 하는 게 좋습니다.,10
2022-04-28,@이번생은대박,파리나 벌레 안생기나요?<br>주택에 살때 화단에 묻었더니 파리 엄청 생기던데,1
2022-04-28,@nayeonkim6115,친환경적이네 저희아버지회사에서 상토제작하는데 제품화해보구싶네용,14
2022-05-17,@jayj1967,@@funfac 고가의 음식물 처리기에 맞춰서 나온 제품들을 따로 구할 수 있지 않을까요?,0
2022-05-17,@jayj1967,"@@funfac 와,, 가격 쌔네요 정보 감사합니다",0
2022-04-27,@yun_D,저 흙을 교체할 때 다 쓴 흙을 어디다 처리해야할까요 ㅠㅠ 화단도 없고..그냥 아파트인데 ㅠㅠ,2
2022-04-28,@책좋아-w2f,아파트 앞 화단에 뿌려주시면 좋겠어요.,0
2022-04-28,@DIAZINE,흙은 일반쓰레기로 분류해 버려주시면 됩니다,1
2022-04-30,@윤명희-i5j,아파트 화단에는 정말 좋은 영양분이 될꺼에요,1
2022-04-27,@dlkdkdidldzhd6534,쵝오입니다^^!!!! 저두 해봐야겠어요,3
2022-04-27,@drmphy,3분의 시간이 중요한 게 아니라<br>그걸 &quot;매일&quot; 해야 한다는 게 골치 아픈 거다<br><br>자동으로 섞어주는 장비가 왜 그렇게 비싼 줄은 모르겠다만<br>사람들이 괜히 장비를 만들어서 쓰는 건 아니다,2
2022-04-27,@SEPIA314,벌래가 가장 걱정될거같은데...,0
2022-04-27,@갬성낚시-v6o,통 안에다가 지렁이를 넣어주시면 좋아요,1
2022-04-27,@mjstella5422,과일과 채소 위주의 음식물 처리기 만들면 좋겠네요~<br>좋은 아이디어 감사합니다♡,17
2022-04-27,@최리봄,마당에 설치 해놓고 사용해도 괜찮을까요?,0
2022-04-27,@tmzkdl7017,기존 미생물 음식처리기에 펀팩님이 사용하신 배양토를 넣어서 작동해도 똑같은 효과를 볼수있을까요?,1
2022-04-26,@jib5881,님이 진정한 지식인입니다 너무나 유익한 정보 감사합니다,34
2022-04-26,@머리야아이고,와.. 음쓰 처리하는데 이런 방법도 있다니 놀랍네요. 저도 한번 시도해보고 싶네요,14
2022-04-26,@콩나물-x8i,생각보다 많이섞어야 하네요    <br>그래도 이렇게 할수도 있다는걸  알았네요 감사합니다,2
2022-04-26,@bwa4275,"예전에 지렁이 넣어놓고 음식물쓰레기 처리했었는데, 아무것도 없이 흙에다 넣어도 분해된다니 신기하네요. 지렁이로 했을때는 여름에 벌레들도 생기고 겨울엔 추우면 죽어버리는데 이거는 어떤가요?",7
2022-04-27,@drmphy,지렁이도 좋은데 처리용량을 고려해야 합니다<br>체중 60kg인 성인이 하루 종일 먹는 음식의 양은 수분 포함해서 겨우 2~3kg 입니다<br>인간에게는 음쓰지만 지렁이에게 음식일텐데 지렁이 무게가 10g이라고 할 때 하루에 몇 g의 음쓰를 먹을 수 있을까요<br>하루에 발생하는 음쓰량을 생각하면 그걸 매일매일 그때그때 처리하려면 상당히 많은 양의 지렁이가 필요하겠죠<br>게다가 지렁이도 생명입니다 음쓰 먹고 성장하면 새끼를 낳고 번식을 할테고 죽으면 사체가 될텐데 그걸 신경 쓰는 것도 예사일이 아니죠<br>제가 예전에 밀웜으로 음쓰 처리해보려고 시도했다가 처참하게 밀웜 떼죽음시키고 얻은 교훈입니다<br>미생물은 눈에 보이지 않아도 개체수가 천문학적으로 많기 때문에 무게가 생각보다 많이 나가고 그래서 음식물 처리량도 많죠<br>걔네들도 번식하고 죽고 새로 태어나지만 그 사체들까지도 지들끼리 알아서 처리하니까 관리도 쉽구요<br>지렁이는 음쓰를 꾸준히 넣어줘야 되지만 미생물은 음쓰가 없어도 전부 사멸하지 않고 겨울에 꽝꽝 얼었다가도 녹으면 다시 살아나죠<br>지렁이보다 미생물이 여러가지로 관리의 수월성이 우수할 듯 합니다,16
2022-05-02,@bwa4275,@@drmphy 자세한 설명 감사해요. 한번 해봐야겠네요,0
2022-04-26,@BonaLee-u4u,말씀하신대로 만들었는데 5-6일 이후 곰팡이가 심하게 생겨 매일 뒤적여주곤해오 이게 정상일까요?  반나절 아예 열어놓기도했어요 곰팡이 생기지말라고요,0
2024-06-15,@앨리스-s7z,음식물쓰레기를 넣어서<br>흙과 잘 섞어주시고<br>그 위에 흙을 덮어<br>음식물쓰레기와 공기의 접촉을  차단하면 곰팡이는<br>안 생길겁니다,1
2022-04-25,@LoveS2752,효소를 넣지 않아도 되는건가요? 정말 상토에다가 그냥 음식물 쓰레기들을 넣고 섞어주기만 하면 끝인거에요? 놀랍네요!,27
2022-04-25,@hyungmhyungm2642,"좋은 내용 감사합니다~ 꼭 해봐야겠어요,,<br>80만원넘게 산 음식물처리기 제한이 많아서 잘 안써지더라구요<br>이걸 알았다면 안삿을텐데,,",7
2022-04-25,@Bae_kongtall,이 영상이 지구의날 추천영상에 나왔어야했는데 하는 아쉬움이 남네요 많은 사람들이 볼 수 있게 좋아요 눌러드려요~,51
2022-04-25,@WJLee891,상토를 새로 가시면 보통 몇달정도 쓰시나요? 다른 댓글들 확인해보니 분해가 더뎌지면.. 이라고 하셨지만 그 기간이 보통 어느정도셨을까 궁금해서요,1
2022-04-25,@고망고-w3s,베텃 운영하면서 커피찌꺼기나 계란 껍질을 미생물 가루?로 퇴비를 만들어 봤는데요. 퇴비함에도 미생물 가루를 넣으면 처리가 더 잘 될까요? 좀 많이 남았거든요.,8
2024-05-18,@오솔길-o5s,"유기농 ,자연농하시는분들<br>퇴비만들때 다 저방법으로 하고있으면 부엽토대신 미생물가루 사용합니다",0
2022-04-25,@안혜정-j5d,찌꺼기 넣고 발효 수액 같은게 없다는거죠? 음식물이 차면 데상 넣지 않고 휴직기간을 거친다는거죠?,0
2022-04-25,@솔솔-i3v,텃밭화분에서 사용하던 흙은 안될까요?,0
2022-04-25,@hotewang,겨울엔 괜찮은데  여름엔 음식물땜에 골치 아프죠....조금만 둬도 냄새에 ...구데기가 들끓는데 ...그래 할 수 없이 냉장고 한켠에 넣어두는데 찝찝하죠....반가운 내용입니다.,6
2022-04-22,@2yum889,아이 학교에서 음쓰 퇴비화 과제를 주며 키트를 주어서 공부 할 겸 영상 봤어요! 스티로폼박스에 구멍을 꼭 내야 하는건가요?,3
2022-04-20,@planetholm,"스티로폼이 보온측면에선 좋지만 내구성이 워낙 약해서 플라스틱 리빙박스 같은걸 개조해서 써보면 어떨까 싶네요 구멍뚫긴 조금 힘들겠지만, 겉면에 보온 좀 해놓고 블루투스 온습도계 몇천원 짜리도 달아 놓구요. 교반하는 시간도 단축할 아이디어도 충분히 고민해볼만 합니다<br>몇십만원 짜리 살필요가 없네요 ㅎㅎ<br>나중에 혼자살게 되면 시도해보겠습니다<br>감사합니다 :)",18
2023-08-16,@mitrajade9744,걍 화분에다 흙이랄섞어서묻어도 금방 흙으로변하네요.제가하고있습니다,3
2024-04-01,@jay-124,리빙박스 뚜껑을 잘라내서 양파망이 아니라 더 촘촘한 한약짜는 천으로 커버했는데...훨씬 더 좋아요....리빙박스 정도 되면 여유도 많아 편합니다...<br>스티로폼 박스는 보기도 안좋고 약해서 불안합니다...상토가 가벼워서 박스손잡이를 잡고 흔들어 주면 됩니다....굿...,5
2022-04-19,@은찌아리-x8u,"진짜 좋아요, 저도 집에서 흙속에 음식물 찌꺼기  발효시켜서 화분에 거름으로 주고있어요, 식물이 정말 잘 자랍니다, 양파 망으로  환기구멍을 만드는건 좋은 아이디어네요, 잘배우고 갑니다,",158
2023-03-20,@TV-dr4cf,그럼 며칠만에 거름으로 써도 되는건가여?,0
2022-04-18,@김똥개-h3q,음식물미생물처리기  유심히 보고 있었어요. 저희는 가족도 많고 아파트 생활하니  돈주고사야할 거 같지만  실내에서 사용해도 냄새가 안난다는 포인트는 정말 도움이 되네요.감사합니다.,120
2022-06-24,@김똥개-h3q,미생물처리기 후기 남김니다.~  R*처리기 구매했고 첫사용은 감격그자체로 사용하다가 50일 차 쯤에 울 딸래미가 수박껍질을 넣는바람에 체해서 다 건져내고 난리한번치고 이후에 분해속도가 뚝 떨어져서 초조해  하고 있었어요.   과일껍질 많이 넣으면 산도높아진다는 밑에님 글에  반성하고(그간 과일껍질엄청 줌)  계란껍질도 주고 있어요.  제발 속도가 다시 빨라지길 기다리고 있네요. 아직미생물이 죽은거 같진않아요.^^:,7
2024-06-08,@김똥개-h3q,2년차 후기네요?ㅋㅋ  그사이 저희집은 이사를 했고 처리기를 둘자리가 마땅치 않아서 (전기선을 끌어쓸데가 없어서..)다시 음쓰를 밖에 버렸었어요. 고생고생 하는중 알고리즘이 이영상을 다시 보여주지모예요.  전기프리 방식이 이렇게 좋다는거 다시 깨닿고 갑니다. 베란다에 해봐야겠어요,8
2022-04-18,@mzcountry,썩는 생분해 플라스틱도 같이 처리할 수 있을까요?,0
2022-04-25,@hannahlee6268,생분해 비닐(플라스틱)봉투 흙속에 묻었더니 녹듯이 분해 되던데요,1
2022-04-17,@김혜영-z5l2n,취미가 채소키우기인데 좋은 흙이 욕심나서 몇번 지렁이도 사다 넣어보고선 다 죽이고 벌레때문에 흙에 약뿌리니 더 엄두가 안나요<br>이엠은 자주 안쓰니 만원주고 한번쓰고 버려서 아깝고요 지금 영상이 좋은정보가 됐어요 식물 키우다 겨울에 쉴때 영상처럼 시도해보고 그 흙을 재사용해보렵니다,14
2022-04-17,@hyobungnim9941,벌레 안 생길까요 더워지면 생길지 걱정되서요,10
2022-04-16,@chrisson9026,아파트 베란다에는 힘들지 않을까요?  파리는 기본 온갖 벌레가 꼬일것 같은데요,1
2022-04-16,@eun1165,저도 요 영상을 보고 베란다 음식물 쓰레기 처리를 하고 싶어서 하고 있는데요 진행이 안되네요..<br>저는 스티롬폼 박스를 못구해서 리빙박스 구멍을 뚫고 하고 있는데 그래서 그런걸까요..<br>2주가 지났는데 미생물이 활동을 안하는지 초반 음식물 투입전과 다를게 없어서요..,2
2022-04-25,@sweetfan3250,@@funfac 물을 합쳐야 미생물이 활동하는게 아닐까요?,0
2022-05-04,@DoDo-gj3vn,리빙박스가 혹시 햇빛차단이  잘 안되고 온도유지가 안되는거 아닐까요.,0
2022-04-14,@dank3979,음식물쓰레기 처리할 때 정말 많은 가스가 발생해서 지구 온난화 주범이 된다고 하더라구요... 이런 미생물 음쓰처리기 사려고 알아보고있었는데 한번 시도해봐야겠어요 자세한 정보 감사드립니다,43
2022-04-26,@용용이-v8w,메탄가스 나오는건 똑같음 오히려 음식물 쓰레기차가 수거해서 재활용 시설에서 가축사료로 재가공 처리될수도 있어요.,7
2022-04-14,@niongniongeeeeing,흙에 음식물을 섞기만하면 되는건가요???,2
2022-04-13,@밍기뉴-l7x,저는 루펜을 쓰고있어서 <br>루펜에 말려서 배양토에 묻어놓았는데 잘 분해됐으면<br>좋겠네요,0
2022-04-12,@다라민-y2e,처음이라 빵만 조금 넣었는데 24시간이 됬는데 분해 되는건지 긴가 만가 한데 흙을 더 넣어야 하나요?,1
2022-04-13,@다라민-y2e,@@funfac 그렇군요 감사합니다,0
2022-04-07,@yu-ey7ub,제작비용 전기료 안들어 좋네요 ㅋㅋ<br>근데 재미로하기에는 너무 귀찮을듯요 ㅠㅠ,0
2022-04-03,@user-ginagani,em발효균은 혐기성입니다<br>em발효액 잘 만들면 시큼한 냄새나고 잘못 만들면 똥냄새나요,0
2022-04-02,@김창성-h6d,스치로폼 금방삭고 부서짐 오래안감,2
2022-04-29,@Bluewhale2901,직사광선을 피하면 오래갑니다. 자외선에 분해되요. 겉을 다른걸로 싸놓아도 좋을것 같습니다.,2
2022-03-30,@이명숙-k1e1x,화단에 음쓰 묻었더니 지렁이가 생겨서 화단이 엉망되었거든요. 얼마전 지렁이퇴치 농약 구입해 뿌렸더니 땅속 지렁이가 땅위로 올라오는거 하수구에 버렸네요. 이런 좋은방법이 있었는데 한번 시도해봐야겠네요.<br>지렁이도 넣어보고~좋은영상 감사합니다.^^,1
2022-04-01,@SJ-zq6dd,"지렁이가  징그럽긴 하지만 ,음쓰도 처리는 물론  심지어 티백도 다 갉아먹고 땅 속에 서 이리저리 적절히 돌아다니며 통기구멍도 내줘서 식물 뿌리에도, 흙에도 이롭다고 알고 있어요. <br>또  지렁이 분변토는  식물에게  퇴비역할까지  해 주는데",18
2022-04-18,@_nomad6539,흙이 살아야 지렁이도 살고 지렁이가 돌아다녀야 식물도 건강해져요.,6
2022-04-21,@bernarryu,"지렁이가 나왔다는 것은 흙이 생명으로 가득찼다는 뜻인데, 지렁이 퇴치 농약이라니....",20
2022-04-25,@Egoneedle,지렁이있으면 아에 안섞어도됨,2
2022-04-29,@Bluewhale2901,지렁이가 있으면 화단이 엉망이 되는게 아니라 화단이 더 생생해집니다. 지렁이는 최고에요.,1
2022-03-26,@priscilaha3384,미생물 배양토를 사서 음식물 을 넣었는데 전혀 발효가 되지 않아요 흙이 아주 건조해서 마른흙 같아요 물을 적당하게 낳어줘야 되나요?,1
2023-05-28,@강정호-d3u,적당한 습기가 있어야 배양이 됩니다.,2
2022-03-25,@no_drunk_no_home,배양토만 있으면 되나요 미생물 배양토 안에 있나요<br>잘 된다면 최고 음식물 처리기 아닐까 싶네요<br>가성비 갑이네요,2
2022-03-23,@상큼-o7m,저도 스치로폼 박스에 시도해봐야겠네요^^<br>좋은정보 고맙습니다.,16
2022-03-23,@그린카펫,지렁이로해보세요.3일만에 올클리어됩니다<br>아파트살면서 우연히 화분에 지렁이가잇어서 음쓰넣엇더니 냄새도 안나고 신기햇엇어요,8
2022-04-17,@은지초이,지렁이도 스티로폼에 상토 공기구멍 뚫어놓고 키우시나요?자세히 알고싶어요,1
2022-04-27,@mwodeunji,지렁이 파는 곳도 있을까요?,0
2022-04-29,@Bluewhale2901,@@mwodeunji 낚시가게나 온라인 이용해보세요,0
2022-03-21,@jiewonlim9785,환경보호에 많은 도움주셔서 감사합니다.!,44
2022-03-16,@rj_hao,저도 클리앙 글 보고 왔어요!!! 이거 함 시도해봐야지 +_+,1
2022-03-16,@leejaehun80,"베란다에서 쓸 수 있을까요? 여름에는 고온다습해서 금방 상하고, 겨울에는 얼어버릴 것 같아서요.",1
2022-03-15,@심순자-y9h,음식물 쓰레기를 매일 넣어도 되는지요 .?,1
2022-03-15,@심순자-y9h,햇볓에서 발효를해야하나요 통을 그늘에 두면 안되나요 ?,2
2022-03-25,@심순자-y9h,@@funfac 감사합니다,0
2022-03-01,@유소사-d8h,정말 좋은정보 감사합니다.,11
2022-02-15,@다라민-y2e,혹시 사용안하는 날에도 흙을 저어줘야 하나요?,2
2022-02-11,@N루쏭씨,정말 잘 봤습니다!!,8
2022-02-10,@hepiiihepiii,너무 유용한 정보입니다. 말씀도 잘하시네요~~^^,10
2022-01-24,@터보-b8x,흙은 배양토 또는 상토를 사용하는데. 미생물을 따로 투여하는건가요? 아니면 흙속에 있는 자연 미생물을 말하는건지요?,8
2022-01-20,@행복하자-l5y,퇴비함 만들때 배양토만넣으면 바로 분해되는 건가요,4
2022-02-25,@순수순진,물 넣어서 미생물 활성화 시켜야 합니다..,3
2021-12-30,@오리-d6w,다 쓴 배양토 처리는 어떻게 농사짓는것도 아니고<br>수거해주는데도  없고<br>여름에도 바퀴 안생길까요,5
2022-02-23,@순수순진,쓰레기봉투에 버리셔도 됩니다.,1
2021-12-19,@전성훈-h9y,"와 대박 영상 압니다.!!!!!!<br>이 영상 보고 저도 따라해 봤는데...초기라서 분해 미생물이 많이 없어 그런지,  일주일이 지나도 분해를 잘 못 하는것 같아요....초기 건강한 분해 미생물을 많이 키우기 위한 팁 같은게 있을까요????",6
2022-02-25,@순수순진,처음에 상토에 물만 넣고 하루 숙성하면 미생물 활성화로 빠른 분해요..,9
2022-02-25,@순수순진,초반에는 빵.밥 등 탄수화물 위주로 넣으세요..,9
2022-04-26,@빛과소리-j4k,해보지는 않았는데 EM발효액을 넣어서 발효시키면 잘되지 않을까 싶은데요<br>한번 시도해봐야겠습니다~,1
2022-04-29,@Bluewhale2901,혹시 온도는 어떠셨는지. 너무 추우면 잘 안되요.,0
2021-12-17,@다이어터꼬꼬,저냉동 피자 배달온 스티로폼 박스가있는데 양파망 구해서 얼른 만들어봐야겠어요,3
2021-12-15,@맬-k1g,흙은 한번만 채워 놓으면 되는건가요?<br>흙 갈이 해 줄 필요가 없는지가 궁금하네용,4
2021-11-26,@싱싱오이-i3l,저도 흙퇴비함 사용하고 있는데  궁금한 점 해결되었습니다. <br>전 잘게 다져서 하는데 조금 귀찮은 점이 있었어요. 이렇게 그냥 넣어도 충분히 부숙이 되는군요~<br>수분이 생기는 것도 궁금했는데  <br>발효되고 있어 그런거네요. <br>좋은 영상 감사합니다. <br>15일의 휴지기가 필요하네요~^^<br>👍👍👍,25
2022-04-27,@drmphy,발효는 미생물이 작용한다는 것만 다를 뿐 유기물이 점점 더 작은 분자로 쪼개지는 과정이죠<br>그렇게 분자가 쪼개지는 과정에서 전후 화학에너지 차이가 나는데 그게 미생물의 에너지원이 되는 거구요<br>유기물 분해의 부산물은 최종적으로 CO2와 H2O로 분해되는데 CO2는 날아가고 H2O는 습기로 보여지는 거죠<br>그리고 CO2와 H2O는 식물의 엽록소에서 태양의 빛에너지를 담아서 새로운 유기물로 만들어내죠<br>그 유기물을 또다시 인간이 먹거나 미생물이 먹어서 에너지원으로 사용하는 거구요<br>그래서 인간이 호흡할 때도 CO2와 H2O가 나오는 겁니다,1
2023-07-27,@jay-124,배수통 안에서 가위로 잘게 다져야 효과만점....,0
2021-11-19,@JCKim-gq1cx,"한번 만들어 실천해 보고싶은데..해외 거주중이어서 어떤 흙을 구입해야할지 난감하네요. 그냥 대충 유기농 비료 섞인 뭐.. 그런거면 될까요? ^^;; 난처한 질문 죄송합니다.<br><br>아, 그리고 계란 껍질도 함께 버려도 되나요?",3
2022-04-29,@Bluewhale2901,손으로 쥐거나 해서 자잘하게 부셔서 넣으면 분해가 되긴 합니다만 매우 오래걸립니다. 분쇄한다면 문제 없겠죠. 다만 가정에서 먹는 계란 양을 못버틸수도 있어요. 탄산캴슘이라 산도조절에도 도움이 되지만 봐가면서 넣어야합니다.,1
2021-11-08,@파랑제노,제가 정말 궁금했던 내용입니다..꼼꼼한 영상촬영에 박수를👏👏👏<br>진심궁금한게 있어요..한달지나고 썩은 흙에 계속 음식 넣어도 되나요? 아님 새로운 흙을 넣어야하나요?,15
2021-11-09,@파랑제노,@@funfac 친절한 답변 감사해요👍,0
2021-11-08,@free705,나의 음식물 퇴비함 이네요.<br>오늘 당장 만들어 실천 하겠음니다<br>감사합니다,9
2021-10-19,@으니짱-w6i,"와 부지런 하시네요,, ㅠ 전 귀차니즘에 미생물 처리기 구매했어요",9
2021-10-14,@hl255,우와 상세한 영상 감사합니다!!분명히 알고있는 순리인데 신비롭기도 하네요ㅎㅎ,17
2021-10-12,@이모부비니,엄청 좋은 내용이기는 한데ㅋㅋ 결론은 음쓰봉쓰거나 처리기 사야겠어요. 귀찮음이 비슷한거 같습니다,2
2021-10-11,@yoonju8331,1인 가구라 음식물 쓰레기봉투 사용하기도 애매해서 고민하고 있었는데  좋은정보 감사합니다. 👍👍👍,43
2021-10-11,@johnair22,클리앙 글 보고 왔습니다.<br>동영상으로 보니 훨씬 이해가 잘 됩니다.<br>덕분에 저도 상자 2개에 음식물 처리 진행하고 있습니다.<br><br>아직 모르는 시행 착오를 겪어봐야겠지만 지금까지는 큰 문제 없이 잘 분해하고 있습니다.<br>좋은 정보 너무 감사드립니다.,11
2021-10-10,@calmdownman4152,오랜만이네여~,1
