,Date,ID,Comment,Like
0,2023-07-13,@gwigom,"댓글 A/S<br>1. 영상 속 제품들 구매링크<br>하단 링크로 구매하면 오늘의집과 쿠팡으로부터 일정액의 수수료를 귀곰채널이 제공 받아 내돈내산 리뷰 운영에 도움이 된다<br><br>*전 플랫폼 가격동일<br>린클 그래비티(23년 최신형)<br><a href=""https://link.coupang.com/a/bQueeg"">https://link.coupang.com/a/bQueeg</a><br><a href=""https://ozip.me/tNHH5FV?af"">https://ozip.me/tNHH5FV?af</a><br><br>린클 프라임(1,2인 가구도 괜찮은 사이즈)<br><a href=""https://link.coupang.com/a/bQueuW"">https://link.coupang.com/a/bQueuW</a><br><a href=""https://ozip.me/i4nfDdL?af"">https://ozip.me/i4nfDdL?af</a><br><br>린클 구형(대용량)<br><a href=""https://ozip.me/WkRNXbK?af"">https://ozip.me/WkRNXbK?af</a><br><br>2. 카카오톡에 &#39;한미프렉시블&#39; &#39;린클&#39; 채널명 외에는 사칭 계정이다. 최근 사칭 계정을 통해 구매, 교환 및 환불 사기 피해자가 생기고 있다고 한다. 해당 업체명이 잘 기억이 안 난다면 우측에 인증마크가 있는지 없는지 꼭 확인하자. 체크모양의 인증마크가 없다면 사칭계정이다. 결제자 이름을 천지물류나 태림물류로 현금 결제를 받는다고 한다. 린클 뿐 아니라 다이슨처럼 가격대가 있는 가전 카테고리에서 발생하고 있는 신종 사기수법이라고 하니 조심하자. <br><br>3. 곰팡이 핀 음식 넣어도 괜찮냐는 질문이 있었는데 아무 문제 없이 소화한다. <br><br>4. 브랜드 별 미생물 차이가 있는지를 궁금해 했는데 솔직히 내가 비교 사용해보질 않아서 개인적으로 답변하긴 어려울 것 같다. 린클 측에서는 미생물 자체의 차이는 별로 없을것 같고 배합등의 최적화 차이가 있을것같다라는 답변을 들었다. <br><br>5. 가혹한 테스트를 하다보니 린클 내부가 좀 지저분해졌다. 일반적인 사용환경이라면 저 정도는 아니다.",198
1,2023-07-15,@이토레-v8n,밑에 댓글을 달긴 했는데<br>혹시 못보실까봐 한번 더 남겨요<br>사용한지 오래되서 흙(?)자꾸 퍼내니 첨에 있던 활성탄은 이제 온데간데 없어져서<br>음쓰통에 활성탄 종이컵으로 반컵 넣어줬더니 냄새 많이 잡아 주더라구요,5
2,2023-07-15,@alwaok,음쓰가 섬유질 분해에 약하다면 안에 지렁이나 달팽이 같은 아이들을 키우면 어떨까..라고 생각했으나 마누라한테 등짝맞고 포기했습니다,5
3,2023-07-15,@lunzili6476,35도에서 70도라는데 지렁이 달팽이 다 죽지 않을까요? ㅋㅋㅋ,3
4,2023-07-15,@cumbara4595,"리뷰에 있는 미역, 바나나껍질같이 섬유질 많은건 섬유질이 난 방향 칼로 잘게 썰어넣으면 문제없이 분해 잘 합니다. 마찬가지로, 생분해 음쓰 봉투들도 역시 잘게 잘라서 넣으면 감쪽같이 분해 다 합니다.<br><br>잘라 넣는건 뭔 귀찮은 짓이냐 하실 수 있는데, 여름에 밖이나, 음쓰봉투에 넣어두면 물나오기 시작하고 초파리 꼬이고 곰팡이 꼬이고, 악취나는 물고인 음쓰봉투 들고 쓰레기장까지 가는 수고로움 생각하면 훨씬 낫지않나라 생각하면 별거 아녜요.<br><br>그리고 이것저것 가려넣어야하는게 많아서 불편하다고 하시는 분 계시다면, 린클에 가려넣어야하는 것들은 원래도 대부분의 지자체에서도 음쓰가 아니라 일반쓰레기로 버리도록 분류하고 있고, 이때까지 그걸 신경안쓰고 그냥 음쓰에 넣어버리셨던거일거라는거~<br><br>린클 쓰면 음쓰는 음쓰대로 흙으로 바꿔버리고 분리할건 분리해서 환경 보존에 조금이나마 보탬이 된다는 마음으로 기꺼이 그 정도 약간의 불편함은 감수합니다.솔직히 2년째 사용하니 이게 불편한지도 모르겠네요.",10
5,2023-07-15,@JayJ-po4yc,3번의 경우 쉰내남,0
6,2024-11-06,@단무지-n7y,귀곰 분석해주실분!!!<br>대체불가임!!!<br>국보급^^<br>이젠 물건사기전<br>귀곰 먼저보는건 국룰~~,1
7,2024-10-24,@아뵤-r9f,지엘플러스 바리미 음쓰처리기 vs 린클 음쓰처리기 어떤게 더 좋을까요,0
8,2024-10-13,@hce-p2v,귀곰 영상보고 린클 그래비티 제품 구매합니다  좋은 일도 많이 하는 회사라해서요 링크해서 구매합니다~~~ 항상 귀곰 잘보고 있습니다^^,1
9,2024-10-12,@hwarang5974,진심 내가 솔직하게 보는 리뷰 유튜버 ㅎㅎㅎ,0
10,2024-09-27,@90su67,분쇄기를 구매하려고 하는데 .. 고양이 두부모래를 넣어도 될까요 ??,0
11,2024-09-27,@아라건설중기,밀웜넣어도되나?..,0
12,2024-09-25,@GUM248,오~^^린클이랑 미닉스 고민 중에 영상 보게 됐습니다. 린클이 용량이 크다보니 전기요금이 더 나오겠다 싶어서 여기저기 리뷰 찾아 다니고있는데 그 부분 쏙쏙 들어오게 설명해주셨네요. 고맙습니다. ^^,0
13,2024-09-25,@Nabi_socute,"제가 다른제품이라 비교해봤을때<br>브랜드마다 결정적인 차이는 미생물 뿐이에요<br>기계는 결국 교반봉으로 섞어주는 역할인데<br>미생물은 브랜드마다 은근 다릅니다<br>린클 아니고 다른거 쓰는데 3년넘었는데 아직 미생물 안갈고 아직 잘 쓰고있습니다<br>냉장고 정리할 때, 여름 수박 먹었을때 정말 최고입니다<br>제가 쓰는건 휴리엔 브랜드인데 제습기능도 있어 만족합니다",0
14,2024-09-18,@clairegim3208,"스마트웰컴 음쓰처리기 비교 해주세요. 미닉스 더플렌더, 린클 프라임 비교 궁금해요.",0
15,2024-09-07,@yuwoo01,사망여우에서 린클 보고 어? 하면서 왔는데 이게 린클이었네 ;;,1
16,2024-09-06,@user-emiya_kookejja,사망여우 보고 온 사람?,13
17,2024-09-06,@goki4493,사망여우 채널에 린클 나왔네요.,3
18,2024-09-06,@anotherday7403,사망여우보고 내가 믿고보는 귀곰이 엮였나 싶어서 왔는데 좀 복잡라네 귀곰 화이팅 제발 오래가자,1
19,2024-09-06,@hdbyun-c1x,"사망여우:<br>1년 전 제 영상에 대해 린클의 제조사는<br>아비크가 아무런 권한도 없는 일개 판매사일 뿐이라는 듯 입장문을 냈었습니다.<br><br>하지만, 아비크는 일개 판매사가 아니라 수년간 린클의 ‘총판’ 격으로 <br>1년 전 제가 지적하기 전까지 <br>네이버 ‘공식’ 브랜드 스토어를 직접 아비크가 운영,<br>온라인뿐만 아니라 오프라인 영업 활동까지 같이 해왔습니다.<br><br>아비크와 거래하는 린클제조사(비앤테크)의 당시 매출이 270억 정도인데,<br>당시 아비크를 통한 린클 연 매출이 150억이 넘는 것으로 파악했습니다.<br><br>아비크에서 나오는 매출 비중이 아주 큰데<br>그냥 일개 판매사인 듯 말하는 건, 본질을 호도하는 것입니다.<br><br>이뿐만 아니라<br>아비크가 린클의 많은 광고와 마케팅까지 진행해 왔습니다.<br>광고안에는 유명 유튜버들과의 광고도 포함되고<br>마케팅 안에는 네이버 카페에 침투하여 가짜 글, 가짜 리뷰, 가짜 댓글을 남기는 것.<br>그리고 가짜 블로그를 만들어 진짜 리뷰인 것처럼 광고한 것이 포함됩니다.<br><br>처음 제조사의 입장문 내용이 황당했지만,<br>그래도 제품 자체는 문제가 없기 때문에<br>판매처에 대한 관리를 철저히 진행하고 점검하겠다는 말을 보고 1년간 지켜봤습니다.<br><br>제대로 점검했다면<br>아비크가 어떻게 광고와 마케팅을 했는지 알게 됐을 텐데요.<br>일개 판매사일 뿐인 곳을 정리하지 못하고<br>1년이 지난 지금까지도 상호와 대표만 바꾼 아비크가 린클을 판매하고 있는 겁니다.<br><br>참 유감입니다.",5
20,2024-10-08,@honguniverse,1년전 댓글들 쭉 읽어보니까 업체 쓰는게 맞는 것 같습니다. 누가 돈도 안주는데 제품 지인추천한다고 저렇게 댓글을 답니까? 상품구매평은 최소 글자만 작성하는게 상식입니다.,0
21,2024-08-31,@ibiwit,"생분해 비닐, 바나나껍질, 미역 이런건 믹서기에 갈고 넣어도 안되나?? 궁금..",0
22,2024-08-25,@jaesoonban7378,as는 진짜인정!,1
23,2024-08-18,@사계절-h2l,음쓰 고르는중인데   보고 결정해야겠습니다,0
24,2024-08-17,@muu_1201,🍀🫶,0
25,2024-08-17,@꺅둥토끼,도운이가 리뷰 자주 본대욬ㅋㅋㅋㅋㅋ,0
26,2024-08-17,@꺅둥,도우니가 이거 보라는데요👾,0
27,2024-08-17,@Woogiii___,"도운이가 광기의 리뷰래요 ,, 꼭 이거 보고 사래요 ,,",0
28,2024-08-17,@가나다-b6k2h,도우니가 이거 자주본대여 ㅋㅋㅋㅋㅋ 윤돈 ㅎㅇ,1
29,2024-08-17,@ggi_mimi,"윤도운 버블보고 왔습니다,,,,",0
30,2024-08-17,@zzangguri7251,데이쓱시가 추천해서 왔습니다.,0
31,2024-08-17,@BJKPD5_luv,도운이가 영상 많이 본다고 해서 보러 왔습니다😊,0
32,2024-08-17,@mallangmallang42,윤도운 추천으로 와봤습니다 ㅋㅋ,0
33,2024-08-17,@wlrnwhdakf,🍀,1
34,2024-08-17,@rjdnxis77,🍀🍀,1
35,2024-08-17,@nabi-i4r,도우나 안뇽 추천 ㄱㅅ,2
36,2024-08-17,@영과현처럼,윤도운도 보는 리뷰 채널…..,6
37,2024-08-17,@꺅둥이,도운아 ㅎㅎ,3
38,2024-08-17,@kwonnnnny,도운이 버블보고 왔습니다...,3
39,2024-08-17,@youngkwife,윤돈 버블로 오신 마데 선생님들 계신가요<br>근데 저거 쓰고 있는데 진짜로 좋아용,6
40,2024-08-17,@Dondungggg,윤도운 버블보고 온사람,159
41,2024-08-17,@yoonddo_n,ㅋㄱㅋㄱㅋㄱㅋㄱㅋㄱㅋㄱㅋㄱㅋㄱㄱㅋㅋㄱㄱㅋㄱㅋㄱㅋㄱㅋㄱㅋㄱㅋㄱㅋㄱㅋ,4
42,2024-08-17,@user-minyeon91322,ㅋㄹㅋㄹㅋㄹㅋㄹㅋㄹㅋㄹㅋㄹㅋㄹㅋㄹ 저욬ㅋㅋㅋ,3
43,2024-08-17,@jiayiker2320,ㅋㅋㅋㅋ,1
44,2024-08-17,@Erol-jh4so,저요 ㅋㅋㅋㅋㅋㅋㅋ,0
45,2024-08-17,@ja_ggoo,ㅋㅋㅋㅋㅋㅋㅋㅋㅋㅋ도운이 추천으로 보러왔는데 이분 목소리 시작하자마자 웃음 터졌습니닼ㅋㅋㅋ믿고보는 윤도운 추천ㅋㅋㅋㅋ,0
46,2024-08-17,@sua6797,도우니 연락받고왓습니다,6
47,2024-08-17,@장은정-w5o,윤돈때매 온 마데 손ㅋㅋㅎㅋㅎㅋㅎ,7
48,2024-08-17,@kingstrow,쓰앵님 음식물처리기 2탄은 없으시옵니까,0
49,2024-08-13,@hslee4387,우리집 린클 이름은 먹구 에요 ㅋㅋ<br>수박껍질만 대량으로 안넣으면 문제 없어요~,0
50,2024-08-13,@goekadlek,조온나 비싸네 ㅋㅋ<br>다이소에서 1만원에 템 사다 만드는게 나은듯.,1
51,2024-08-10,@신화-p3k,냄새안나나요?,0
52,2024-11-10,@여니콩,납니다 저희집두대 있는데 첨넣을때 과일껍질과 라면남은것 조금넣었는데 견딜수있을정도로 납니다 과일껍질은 잘게썰어야 할듯합니다<br>톱밥은 냄새가 극혐,0
53,2024-11-10,@여니콩,젖은게들감 3일은 냄새납니다<br>다 마르면 그때부터 안나요<br>기계소리가 좀 나구요,0
54,2024-07-21,@eliteguy2866,영상에 나오는 가열 분쇄식은 어느 제품인가요?,0
55,2024-07-18,@THEHANABI6,미생물처리기 진심 강추.. 1가정 1보급 하면 환경오염에도 너무 좋을겁니다,0
56,2024-07-17,@사랑해요-l4r,음식물처리기 2024년 버전으로 로청리뷰처럼 린클 말고도 다양한 브랜드와 비교분석 해주면 좋을 것 같아요!!,0
57,2024-07-12,@딘-w8s,다 조흔데 살까 고민했는데 씨발 광고네,1
58,2024-07-06,@thomasa8327,바나나는 절반 잘라서 넣으면 엉키지않아요 엉키는건 길어서 엉키는거라서 작은바나나는 절반 큰바나나는 삼등분정도해서 넣으면됩니다,0
59,2024-07-01,@이정숙-p8k8u,음쓰용 믹서기로 갈아서 투입하면 좋을려나<br>가열분쇄는 비싸고 시간이 오래 걸려서,0
60,2024-07-01,@tslah,바나나 껍질을 반대결로 잘게 썰어서 넣으면 괜찮을까요? ㅎㅎㅎㅎㅎ,0
61,2024-06-30,@hodoo_1218,믿고 샀는데 미생물 너무 잘 죽어서 당근해버림..ㅠ,0
62,2024-06-25,@방울방울이-n3h,"초창기부터 보고있었어요. 떡상해서 나만의 귀곰이 아니라 슬퍼요. 그리고 린클, 니들은 수익의 몇프로는 떼서 줘야한다. 우리집은 sk매직 몇 안되는 레어 아이템으로 냄새안나는 노필터 음쓰기임에도 귀곰리뷰만 보면 진심 린클사고싶게 만든다. 귀곰때매 린클이 살았다. 나라면 주식이라도 떼준다. 귀곰님 번성하세요!",0
63,2024-06-24,@__T_Y,늘 잘보고 있습니다👍 분쇄건조형도 리뷰해주시면 안되나요?,0
64,2024-06-23,@킹밥-s7s,영상에 나오는 가열분쇄 제품은 어떤건가요?,1
65,2024-06-12,@baby1baby2baby3,"이거 전 스마트웰 쓰는데 영상보면서 스마트웰이 더 좋네~~했네요. ㅋ <br>더 크고 더 무거움.<br>여기가 미생물처리기 첨 나온 곳.<br><br>우리도 엄마가 최고 만족하시고<br>반려인은 인생대만족. 최고의 가전.<br><br><br>난 미생물은 스마트웰,<br>태우는 것으로는 SK를 씀.",0
66,2024-06-08,@ekeks7090,ㄹㅇ 미쳤네 가열분쇄흐 미생물 ㅋㅋㅋ,0
67,2024-06-08,@ekeks7090,ㅋㅋㅋㅋㅋㅋ,0
68,2024-06-02,@sponenew4306,마당에 진돗개 키울려고 개똥 처리기용으로 하나 장만하려구요,0
69,2024-06-02,@수리수리-z8j,하수구에버리는 거는 어떨까요?,0
70,2024-05-28,@티히-v3e,귀곰 개웃기네,0
71,2024-05-27,@조승연미쳤다,사야겠당ㅋㅋ 귀곰님 리뷰 덕택에 식세기 잘 사고 식세기 세척캡슐도 잘 사서 썼고 이번이 세번째네요ㅋㅋㅋ감사합니다,2
72,2024-05-25,@으냔-t1k,지인도 신혼만족템 1위라고 추천해서 고민 1년하다가 영상보고 브랜드데이라 샀어요..!,0
73,2024-05-24,@old4252,이미 곰팡이 슬어서 냄새나고 상한 음쓰도 될까요?,0
74,2024-05-14,@mi-zk8wb,A/S 대응이 정말 좋았습니다.<br>처리기는 기계니까 고장 날 수도 있고 미생물도 죽을 수 있습니다.<br>그러나 모든 것을 A/S가 기분 좋게 합니다.ㅋㅋ,0
75,2024-05-06,@웅K,이제 가격 떨궈서 내줘야지 아직도 2년전 가격 유지하나,0
76,2024-05-05,@이아무개-n8r,린클진짜 최고임.. 특히 육아하면 짜잘한 음식물 계속 나오는데 린클에 톡톡 털어버리면 순삭임 심지어 양 많은 음식물도 뚝딱이고 흙퍼서 비울때마다 뿌듯함,0
77,2024-05-04,@無성중2,영상에는 미생물이 뽀송해보이는데 저희집 미생물은 항상촉촉히젖어잇네요.이유가 뭘가요?,0
78,2024-04-27,@Lee-rj9hq,귀곰님 덕분에 린클로 맘 정함,0
79,2024-04-21,@jinjin6248,몇년째 한 번도 필터 안갈었음. 대만족 가전,0
80,2024-04-18,@김현주-t5n7s,린클 A/S 최저수준입니다.  박스주는것만 좋지 일주일전에 A/S  맡기고 다시 전화했더니 고객전화번호가 저장되어있지 않아 누군지도 모른다해놓고 주소를 불러주는 희안한 A/S 접수구조를 가지고 있습니다. 음식물 처리기는 좋으나 A/S는 실망이네요.,3
81,2024-04-17,@박세연-b6m,푸드사이클러 Eco 5 음식물쓰레기 후기 계획은 없으신가욥 ?! 😂,0
82,2024-04-17,@조에스더-m7w,린클 뭔가하고 봤더니 예전에 제가 샀다가 버렸던 제품이네요 as처리가 잘안되서 열받아서 결국 버렸어요,1
83,2024-04-12,@heyrongi,가열분쇄식 어떤거랑 쓰면 좋은지도 추천해주세요!,0
84,2024-04-08,@워노워노,이번에 나온 바이타믹스 푸드사이클러 리뷰도 좀 부탁드립니다,0
85,2024-04-05,@김은철-k5d,생선 (갈치 꽁치 고등어)지느러미쪽 잔가시도 분리해야하는건가요?,0
86,2024-03-29,@프리스크-m7h,베르디 도 리뷰해주시면 좋겠다,0
87,2024-03-26,@everything.allthings,생분해라는게 진행되려면 온도가 높아야 해서 일반적인 환경에서 절대 분해가 쉽지 않을거 같더라구요.<br>친환경이라는 타이틀을 달고있지만 이론적인 친환경이지 실제 환경에서는 잘 분해되지도 않아서 모순적인..<br>차라리 페트병 재활용을 잘 하는게 훨씸 친환경적인듯,0
88,2024-03-22,@yamjeon182,쿠쿠vs린클,1
89,2024-03-21,@Onedays2,저도 2년 넘게 사용중인데 2년까지는 진짜 문제 없었는데 캔 뚜껑?이 들어가고 AS받고난 후부터 냄새 문제가 생겼네요.  린클에서 받은 미생물 키워보고 다시 미생물 사서도 해봤는데 2년전에 나지 않던 청국장냄새와 걸레찌든내?가 나서 엄청 스트레스와 고생을 했어요.. 지금은 좀 덜한데 진짜 뚜껑 한번 열리면 그 걸레찌든내가 집안에 진동을 했죠. 그래도 AS는 진짜 편한편이고 끊임없는 카톡 문의에도 친절하게 답변(아닌분도 계심) 해주시긴한데 결국 제가 미생물 잘 관리하라는 답변이긴 합니다. <br>아파트 음쓰통에 버리러 가는것보다는 훨씬 좋아서 사용중인데 처음 구매할 때 미생물이랑은 다른거같아요..이걸로 남겨먹는건지 돈 많이 벌어서 관리를 안하는건지 제발 개선 좀 해줘요...,1
90,2024-03-20,@RRR-ct7zd,"바나나껍질을 잘게 토막내서 잘라서 넣으면 괜찮을까요? 미역을 다 분쇄해서 넣으면 괜찮다 했으니, 바나나 껍질도 그렇지 않을까요? 종량제 봉투 한참 쓸 땐 긴거 짜증나서 가끔 가위로 톡톡 토막 잘라서 버리기도 했거든요.",0
91,2024-04-21,@fiddleking4942,섬유질이 길게 엉켜서 문제생기는거라 저도 바나나 토막으로 잘라 버리고 있는데 아직까지는 문제없네요,0
92,2024-03-04,@란-y2c,1년 썼는데요. 살때 귀곰님 이전 리뷰 정말많이 참고했구요.!! 써본바로는 미생물방식 사실분들은 본인 집 음쓰가 어떤가 보고 정하세요. 밥 반찬 단백질류가 주 인지 아니면 야채 과일껍질이 주 인지. 후자면 비추입니다 섬유질을 소화못시켜서 결국 말라비틀어진 껍데기 고양이삽같은걸로 건져줘야합니다 당장 린클 고양이삽만 검색창에쳐봐도 수두룩.. 전자이신분들은 잘씁니다. 야채과일끕디 쬐금나오는 한두끼 먹는 소가정엔 정말 안맞아요 미생물님께서 싫어하십니다 식빵사다가 한번씩 드려야되구요...  우리집 음쓰가 탄단이 위주고 끼니때마다 자주나오며 식물같은거 잘키운다 하시면 사십쇼 ㅎㅎ 저는 고양이도 안키우는데 고양이삽으로 섬유질 퍼내다가 인내심 바닥나면 걍 건조분쇄식으로 바꾸려구요 ㅎㅎㅎㅎ😂,1
93,2024-03-03,@yu____R,귀곰님 구청 가정용 감량기 지원대상 목록 보니 감량방식에 미생물발효 / 소멸(미생물발효) 두가지로 나뉘는데 혹시 어떤차이인지 아시나요?<br>린클은 미생물발효라고 표기돼있고 다른 몇몇업체들은 소멸(미생물발효)라고 되어있어 궁금해 혹시나 하고 여쭤봅니다.,0
94,2024-02-20,@yleebmslf,린클 as 감동이였어요 박스보내주고 깨끗하게 세척해주고 흙 잘 배양된걸로 넣어주고,1
95,2024-02-15,@잼잼-z3s,에코5라는 제품궁금한대 리뷰가능할까?,2
96,2024-02-14,@younghuncho4407,건조분쇄기로 처리 한것도  미생물 처리기에 넣으면 없어지나요?<br>미생물만 쓰다가 음쓰량이 많아 건조분쇄 방식을 추가 구매했습니다. 건조분쇄 한것도 미생물에 넣으면 처리가 되는지 아시는분?,0
97,2024-02-04,@기러기-e1w,여기 유명해 지기 전부터 썼는데 첨에 미생물 키우다 죽어서 다 키워진 아이들로 보내주면 안되냐고 돈 준다고 했는데 무료로 보내줌..감동받아서 발신 주소로 과자한박스 포장해서 선물함,4
98,2024-02-03,@D게뽀,혹시  물이젖은건 왠만큼 말리고 써야하나요? 가령죽같은거 건더기많은 찌개같은거?,0
99,2024-02-01,@Kim_MalGeum,귀곰님 덕에 만족스럽게 쓰고 있습니다 감사합니다,0
100,2024-01-29,@hklike1004,하.. 저는 악취와 곰팡이로 스트레스를 받고 있는데 ㅜㅜ 악취도 식빵이 해결해줄까요? ㅠㅠ,0
101,2024-01-25,@SEUN618,너무 잘쓰고 있어요. 진짜 편해요ㅠㅠ 근데 문 열릴때마다 냄새 나요. 무조건 베란다 같은데 두는거 추천.,0
102,2024-01-22,@pudding339,바이럴이 어쩌니 말이 많은데 내가 써본바로<br>사정이 있어 23년 6월경~10월까지 집을 비워서 밥을 못줬는데 잘 살아있었음.<br>음식물 넘 많이 넣으면 축축해지고 난리나는데 내 경험상 미생물 죽은거 아니고 탈취 제습 계속 돌리면서 한 1주일 아무것도 안주면 살아남. 구매는 22년 12월에 했고 중간에 3개월 집 비운거 말고는 잘 쓰고있고<br>최근 3달간 주말마다 집들이다 뭐다 친구들 초대하고 집음식 해주느라 음쓰 많이 나왔는데 다 소화해내는중<br>시집간 친구 린클어떠냐고 해서 추천했음. 이것도 바이럴이라고 하면 할말없음^^;;,4
103,2024-01-18,@김제하-q6w,생분해 적힌 플라스틱들 다 미세 플라스틱으로 결국 돌고 돌아 사람 몸에 들어오겠네요..,0
104,2024-01-14,@수한김-k6k,귀곰님! 혹시 미생물 처리식과 함께 사용하는 가열 분쇄식 음식물 처리기 모델을 알 수 있을까요?,0
105,2024-01-05,@Baking..,린클 80만원짜리사고 정말 후회합니다<br>리뷰 잘보고 사세요 진짜 쓰레기 입니다<br>2주만에 AS보내고 대판싸웠습니다,2
106,2024-01-06,@yyhk_007,케바케 걸렷나보군요 저는 문제없이 사용중,2
107,2024-01-03,@sal9358,음식물 처리기 지원 대상되는 품목 중에 최고 음식물 처리기가 뭔지 리뷰 하면 좋을 것 같아요..😊😊,0
108,2023-12-21,@happyisabelcha,린클 4개월썼는데 별로 음식물쓰레기 넣지도않았는데 질척거려지고 별로임.<br>악취도 심하고<br>린클 왜이렇게 넣지마라는 음식물쓰레기가 많나요...ㅜ 이럴거면 안샀을거같아요. 기름진것도 안된다 과일껍질도 안된다 양념도 안된다. 안되는것만 버릴거면 그냥 음쓰봉투로 버렸겠죠... 좀 제품개발을 다시해야할거같아요,3
109,2023-12-15,@dreamer-hk1mm,개똥 주워오시는 장면에서 구독 좋아요 눌렀습니다 ㅋㅋㅋ 대단한분이시네요,1
110,2023-12-11,@mlllecyoon,나 산다,2
111,2023-12-07,@김애용-j5i,그리고 사망여우가 뭘 올렸는지는 모흐겠는데 미생물 1년만에 죽었다는사람들은 보세요. 님들이 ㄹㅇ관리를 ㅈ같이 한겁니다.<br><br>린클쓰다보면 흙이 진흙처럼 되는경우가 있어요. 어? 뭔가 이상한데 하고 느끼시고 다시 모래될때까지 음식물 지급멈추세요. 만일 일주일넘게 모래가 안되고 계속 질척대면 as문의하면 해결책줌. 저는 무상기간에 한번그랬고 새모래로 바꿔주심<br><br>너무 마른상태에서 드르륵하는 소리나면 물달라는겁니다. 물 2컵정도 주세요.<br><br>냄새납니다. 한약냄새말고 악취날때있어요. 어쩔땐 심하고 어쩔땐 안나고 지멋대로임. 내가 얘한테 뭘줬냐에따라 다릅니다. 과일껍질 주면 괜찮아집니다. 귤이나 오렌지껍질이 좋음 커피찌꺼기는 갠적으로 효과가 미미했어요<br><br>곰팡이생깁니다. 흙버리면서 청소하세요. 물티슈랑 이쑤시개로 좀만 닦아주면됨<br><br>이정도만 해주고 흙상태만 보고 잘 돌리면 몇년이고 잘살아요. 전 요즘 양념치킨먹고 양념안씻고 걍 넣고 김치도 걍버려요 강하게키우고있는데 잘 살아있어요. 수박먹은적있는데 악으로깡으로 버텨라 라는 맘으로 걍 넣음ㅇㅇ 바나나껍질도 마찬가지임<br><br>1년만에죽었다? ㄹㅇ관리문제,4
112,2023-12-07,@김애용-j5i,언제샀지 2년정도되었나 린클 잘쓰고있고 as끝내줍니다. 처음에 기본2년인가 1년인가   무상해주고 저는 초반에 교반봉인지 어딘지에서 자꾸 소리가나서 as받았어요 as문의하면 집으로 박스배송해주고 거기에 음쓰기를 넣으면됨 근데 또 같은문제가 발생해서 문의하니 고쳐주고 무상as기간 늘려줌<br><br>당연히 평일에 출근하면 답하겠지하고 주말저녁에 카톡문의했는데 답해줌;;,0
113,2023-12-05,@lalasweet5376,린클 와디즈 펀딩때 사서 여태 쓰고있지만 정말 식세기 의류건조기와 어깨를 나란히<br>하는 갓가전 맞아요~ 린클이를 여기서 보니 반갑네여❤,1
114,2023-12-04,@토마토-e8m,미닉스 음식물 처리기도 한번 리뷰해주실 수 있나요? 린클이 좋긴한데 1인가구라 크기도 가격도 부담돼서요ㅠㅠ,0
115,2023-11-28,@father33,이거 사망여우가 저격한 사기회사 제품인걸로 아는데요.. 여기 대표가 사기쳤다고,0
116,2023-11-28,@randanakwon,미닉스 더 플렌더 음식물처리기 괜찮은지 리뷰해주세요~~~~~ 음식물처리기 사려는데 다른 리뷰는 믿음이 안가요 ㅠ,0
117,2023-11-23,@hongstory930,씽크대음식물분쇄기도 비교해주세요~,0
118,2023-11-23,@박솔-j6d,영상에 잠깐 등장하는 가열분쇄식은 어디꺼인가요? 같이구매하려구요~,0
119,2023-11-21,@cuu518,영상에 나오는 분쇄건조형은 무슨 제품인가요?,0
120,2023-11-21,@Richduckduck,귀곰님.. 전 그래비티 사용하고 나서 일주일만에 필터 활성탄에 썩은내가 나기시작해서 다용도실 외부에 냄새가ㅜ진동해요 ㅠㅠ 혹시 그런 경험 없으시나요? 고객센터 연락해도 미생물 배양상태에 따라 필터 사용기간이 짧아질 수 있다는 말만 반복하는데. 해도해도 일주일만에 필터 나가는 건 너무 심한거 아닌가 해서요..80만원 주고 사서 한달에 필터 교체값만 몇만원씩 나가게 생겼어요 ㅠ,2
121,2023-12-04,@이루하-x3c,저도 썩은내가 나서 다시 후기찾아보다가 저랑 같은 증상이시네요...<br>집안 전체가 똥냄새가 진동을...,0
122,2023-11-15,@닉닉-g3q,린클 4인가족 어떤 모델쓰면 좋을까요 ?,0
123,2023-11-08,@둥둥이-l1v,린클 세달째 사용중인데 요즘 갑자기 냄새가 너무 나요. ㅠ 미생물 색깔은 너무 좋은데 뭐가 문제인건지. 그리고 음식물 많이 못 버리니까 항상 음쓰 버리러 또 나가고 ㅠ 저는 너무 별로에요. 냄새 문제는 as받아봐야 겠어요 ㅠㅠ,2
124,2023-11-07,@농부-b4y,오랜지 껍질등 분해되지 않은 찌꺼기 걸러낼때 린클 안에 까만 알갱이(활성탄)깉이 걸러지는데요<br>이거 골라서 다시 넣자니 참 귀찮아요 <br>이거 믹서기로 갈아서 넣어도 될까요?,0
125,2023-10-25,@리칭배,미닉스 더플렌더(분쇄건조) 심플해서 예쁘던데 이것도 귀곰님이 리뷰해주시는 날이 왔으면 좋겠어요 🧸,1
126,2023-10-25,@youtubehi7,싱크리더나 롯데필링스 이런 싱크대에 넣는거는 합법이라고 박람회 가니까 어제도 그러던데 어떤가요?ㅜㅜ린클이 그냥 나을까요?,0
127,2023-10-24,@황규민-h6e,저희 그레비티 샀는데...<br>저힌 집 거실에 두고 사용 중이거든요...<br>근데 생각보다 뭐랄까 발꼬린네? 처럼 나는데... 그래서 톼근후 집오면 저런 냄새가 나요... 저희만 그런가요?,0
128,2023-10-23,@토마토-t8k,3년 가까이 쓰고 있지만 필터교환 미생물교환 한번도 안하고 쓰고 있어요,0
129,2023-10-22,@kmh-kw8hs,나는 웰싱꺼쓰는데 바나나껍질 수박껍질 다 소화함 수박 껍질 많이 넣어도 진흙도 안됨 아 그리고 바나나껍질이나 수박껍질 큰거는 짤라서 넣으면 됨,0
130,2023-10-22,@yoonseok7979,대단하네요. 귀곰님..,0
131,2023-10-21,@쫑구-g2b,근데 자취러는 클라윈드 미만 인것 같음<br>가성비 지림,1
132,2023-10-20,@본업존잘-f6n,"평소 귀곰님 영상을 잘 보는 편인데... 제가 미쳤는지 왜 음식물 처리기는 롯데필링스 걸로 샀는지 모르겠어요. 혹시나 싶어 댓글 남깁니다. 음식물 처리기 중에 롯데필링스 음식물 처리기 구매하시려면 신중하셔야 합니다. 제가 이번에 롯데필링스 때문에 알게 되었는데 좋다는 리뷰들만 넘치더군요. 저처럼 일년 반 써보고 한 두달에 한 번씩 AS 불러보고 열받아서 기계 철거해본 사람이 리뷰 올릴 수 있는 곳이 없어요. 귀곰님은 같은 제품을 여러가지 또 오래 쏘보시니까 믿을 만한데, 하여간 답답합니다. 열받아서 제가 샀던 링크에는 리뷰를 올렸지만  벌써 옛날 링크라 보는 사람도 없고, 새 링크에는 구매한 링크가 아니니 글이 안 써져요. 홈페이지에 가써 5000자를 썼는데 홈페이지에서 구매한 것이 아니니 구매이력이 안 잡혀서 글을 등록이 안되요.  산 지 일주일, 한 달짜리 리뷰가 얼마나 믿을 수 있을까요. 저는 저 기계를 네이버에서 120만원 조금 더 주고 구매했는데 무상AS 1년 끝나자 계속 문제 생겼어요. 기계 멈추고, 물새고. 배수관도 막혔죠. 문제 생길때마다 출장비, 부품비 돈이 들어요. 살때는 믿을 수 있는 롯데 대기업이라고 상세광고에 서 있어서 믿고 샀는데 AS 받으려고 전화하니  &#39;아*수입니다&#39;하고 전화 받아요. 정수기 회사인가봐요. 그러니 CS 대응 정말 주먹구구 식입니다. 업계의 관행인가요? 브랜드 이름에 롯데 달고, 소비자에게는 대기업 믿으라고 하고, AS는 어느 듣보잡 업체에게 맡기는 거. CS 매뉴얼도 갖추지 못한 어설픈 회사한테 외주를 준 롯데도 문제고, 아니면 이렇게 대응할 수 밖에 없도록 AS가 넘쳐나서 AS책임자가 저토록 민감하게 대응하도록 만든 그 제품 자체도 문제입니다.  사실 기계가 이렇게 예민하니 감자 껍질, 과일껍질, 양파껍질, 물컹거리는 면이나 끈적한 음식, 김치 등 익히지 않은 건 따로 버려야 해서 문제 생기기 전부터 분리배출도 병행해야 했어요. 제발 롯데필링스 광고만 보고 속지 마시길 바랍니다. 현명한 선택하세요!",2
133,2023-10-18,@angelindieyoyoangel,귀곰님 퀘존 써보셨어요???/,0
134,2023-10-14,@terryjung12,이야 저기에 동물이 들어가면 살아있는것도 분해가 되는거네,0
135,2023-10-09,@Nya_mi_,제품에는 관심이 있는데 비비딕 업체와 정말 관계없는 회사가 맞는지 의심스럽네요. 사망여우 영상에서는 비비딕 업체의 브랜드로 린클이 나왔는데..,0
136,2023-10-08,@hakwookim5779,린클사지마라 쫌만버려도 모터가 안돌아간다 미친 개거지 같이 만들었음 나만그런거임?,1
137,2023-10-04,@블루슈가맘,"저 3년정도 쓰고있는데 정말 좋아요. 저도 필터 한번도 안갈았어요. 손님이 오셔서 음쓰량이 너무 많거나 여름에 수박껍질, 김장전에 김치통 정리때만 공용에 버려요. 수박껍질은 밀폐용기에 담아 냉장고에 모았다가 공용에 버려요. 그렇게 관리하면 별문제없이 정말 편하게 사용할 수 있어요.",2
138,2023-10-02,@wjkl80,냄새에서 신뢰도 겁나 떨어짐 ㅋㅋ 음식물 처리기 열면 진짜 개고약한 냄새 납니다 ^^ 몇년 묵은 발효식품 냄새같은게 엄청 나요~,1
139,2023-09-27,@frisaudr2002cjfeh,최고 최고!! 최고의 리뷰입니다 ㅎㅎ,0
140,2023-09-24,@soft1140,진짜 이사람이야말로 가전제품 리뷰계의 광인이자 인정할 수 박에 없는 베스트컨슈머!!!,11
141,2023-09-23,@슈퍼맘-e1e,실제 쓰는데<br>음쓰 많이 나오는 집은<br>쓰지 마세요.<br>감당 못 해요 이거는.<br>완전 상전 모시듯 모시고 살아야 함,0
142,2023-09-22,@구름속라떼,사용하기 좋긴해요  1년 사용중인데  냄새는 거의 모르겟어요  단점은 버리면  안되는게 많아서 걍 야채찌꺼기 버리는 정도,0
143,2023-09-21,@User_ss456,No쓰레기업에 싱크루션업체 엄청 까이던데 <br>불법팔았다공… 미생물처리기가 답이다 ㅠ,0
144,2023-09-19,@냉삼-n1x,광고 개오지네ㅋㅋ,0
145,2023-09-17,@NaNa-m1g7n,린클 쓴지2년넘었네요~희안하게 1년주기로 고장이😢(관리를개똥의로 하긴함😅)근데 as신청하면 박스에 완충제보내주시구 청소싹하구 미생물도  새로보내주셔서 개꿀❤ 최근에 또 고장나서 as보냈는데 무상1년지나서 수리비발생할수도 있다셨는데 수리비없이 심지어 바디케이스까지 새걸루 교체해서 보내줌 세상 이리 친절할수가❤ 진짜 돈값하는 서비스입니다 최고예요😊 신모델 넘 탐나는데as 잘해줘서 바꾸자니 넘 쌩쌩해져버렷엉..😢😢,1
146,2023-09-17,@TSOTKB,1년동안 썼는데 잔고장 많고 분해 안되는 것도 많았어요,0
147,2023-09-16,@pepe1231xyz,연기톤 리뷰 넘싫어.,0
148,2023-09-13,@꼬마몬-z8x,가열분쇄식 제품 좀 알려주세요,0
149,2023-09-10,@든든오,귀곰님. 가열분쇄형이랑 미생물형이랑 어떤 것을 더 선호하시는지요? 뭐가 더 좋은지 어렵네요..,0
150,2023-09-10,@kkum_mamg,린클과 카라중에 고민중인데 뭐가 나을까요ㅜㅜ아이 19개월과 남편과 같이 사는데 남편이 사람들을 좋어해서 사람들 많이 부를때 음쓰량이 꽤 나올때가 가끔 좀 있어요..,0
151,2023-09-09,@sparktony1455,린클 2세대 사서 일년정도 쓰는데<br>아직까지 고장안나서 as받은 적도 없고<br>잘쓰고 있습니다 만족도 최상임,0
152,2023-09-09,@깜찍이-j6x,냄새가 너무나서 미치겠다...도와줘...,1
153,2023-12-04,@이루하-x3c,제가 쓴줄.....린클 .모셔두고 음쓰버리러 나가고잇슴니다.....,0
154,2023-09-07,@베리베리하네,저렇게할바에 걍 들고 나가서 버리는게 더 편할수도...,0
155,2023-09-06,@always_summer,쿠쿠랑 린클 비교리뷰도 있었으면 좋겠습니다!,4
156,2023-09-03,@josunnat,담배도 분해해주면 좋겠다,0
157,2023-09-03,@김예진-v7n,귀곰님 덕에 린클 1년째 사용중인데 진짜 대만족해요. 2인 가구라 음쓰량이 많지 않아서 대충 뼈만 빼고 아무거나 다 넣는데 딱히 고장도 안나고 진짜 강추에요.,16
158,2023-09-03,@buzzan,미생물 걱정할 시간에 그냥 갖다 버릴께요,0
159,2023-08-30,@최지현-r7c,귀곰님 덕분에 날로 생활이 윤택해져 가고 있습니다. 물론 지갑은 가벼워졌지만요 ㅎㅎ 음식물쓰레기 처리기 웰싱 제품이 궁금합니다. 리뷰 부탁드려요!,1
160,2023-08-29,@PremiumKtkt,집 안에 썩은 흙 항아리를 두고 사는 우매함 ㅋㅋ,0
161,2023-08-28,@psh8057,영상 너무 잘봤습니다 항상 확실한 리뷰 믿고봅니다.<br>가열분쇄식 제품명 알수있을까요? 댓글내려서 봐도 없어서 남깁니다~^^,2
162,2023-08-24,@드잇,"린클은 써봐야 앎. 진짜 없이 못 삶. 장마철에 수박 먹고 좀 때려넣었더니 애가 축축 비실비실해질때 린클이 죽을까봐 조마조마했음. 2,3일 안주니까 금방 건강해졌는데 이건 써봐야 앎ㅋㅋㅋㅋㅋㅋㅋ",0
163,2023-08-23,@todays_hada,린클 편하긴 넘 편하고 as도 정말 좋음. 사망여우님 영상에 등장한 회사라 엄청 놀랏을 정도로..... 린클쓴지 3년 정도 됐고 긴거(나물이나 바나나껍질) 가위로 갈잘라서 넣어주는데 분해 잘됨! 미역은 안해봄 ㅋㅋ,2
164,2023-08-19,@richthe160,댓글에 이상하리만치 린클 찬양글이 넘쳐나서 오히려 의심스럽네요,7
165,2023-08-18,@yeejunghun,"상한 음식, 곰팡이 핀 음식도 처리할 수 있을까요?",0
166,2023-08-18,@쭈야호-f2q,미생물음쓰기중에  브랜드별로 어디가  제일좋은지 테스트해주세요!!!!!,1
167,2023-08-18,@jeankang5082,음식물 처리기 열 때마다 메주 냄새나는거는 해결할 수 있는 방법은 없는거죠?ㅠㅠ,1
168,2023-08-18,@fluffydrg,사실상 분해는 미생물이 다하고 기계 자체는 섞어주는 기는밖에 없는데 가격이 터무니 없네요   비슷한데 저렴한 캐리어 구입하는게 좋을듯,2
169,2023-08-17,@k-anrndghkw9824,미생물음식물처리기 끝판왕은 필터 교체없는 &#39;비프록&#39;이죠<br>지금 광고없이 어마어마하게 판매기록을 세우고 있는 &#39;비프록&#39; 추천합니다<br>분해 엄청나고 전기세도 음식물처리기중 가장적게 나오며 <br>정말 모든 사람들이 입소문만으로도 엄청난 판매기록을 세우고 있습니다<br>필터의 한계를 뛰어넘은 비프록 강력 추천,0
170,2023-08-15,@돈많은공주,구냥 린클이 가열식도 포함한 제품 만들면 더좋을거같은데 ㅎㅎㅎ,2
171,2023-08-14,@youngka1120,린클이요 원룸에서 쓸 건데 냄새 괜찮을까요?,0
172,2023-08-14,@raybrown5890,믿고보는 채널,0
173,2023-08-14,@ssungjun,냄새 안난다며...여러분 이거 냄새 많이납니다 뚜껑열릴때가 아니고 그냥 냄새가 나와요<br>사실때 알고 사세요 냄새 많이 납니다<br>좀 더 찾아보고 살껄...블로그에 냄새난다고 이야기 많구만<br>괜히 그냥 믿고 사가지고,19
174,2024-04-02,@bestrong1782,동감.. 산지 2주인데 후회막급.. 현관 들어올때 냄새 확~ 그래서 음식물도 못 넣고 물만 넣고 있음.. 무슨 상전상전 이런 상전이 없네.. 과일껍질 잘 안 분해되고 오래 걸려 냄새 원인인 거 같은데 사실 음식물 쓰레기 대부분이 과일껍질 아닌가.. 밥을 남길 일은 잘 없잖아요 ㅠ,2
175,2024-04-08,@달달구리쨩,한달동안 사용 중인데 냄새 안나던데 신기하네영,1
176,2024-04-19,@yesoryes316,엥? 난 안나는데…? 진짜 바이럴 아님. 전기형 쓰다가 이걸로 갈아타서 내가 무감각해졌나? 전기형이 냄새 ㅜㅜㅜ,1
177,2023-08-14,@jaime_.12,집에 사드렸는데 가려야하는 음식이 많아 생각보다 꽤불편ㅠㅠ....<br>젊은이들은 잘 버릴텐데 그런거아니면 할머니할아버지는 말리는게 제일 좋은거같아요,3
178,2023-08-13,@로또1등당첨되고싶은,이거 보다 보니까 내 몸속이 기름졌을때 식빵을 먹으면 되겠군 이라는 생각해버림,1
179,2023-08-12,@bb3075,저 린클 3년째 쓰고 있는데요 딱 1년 쓰니까  냄새가 엄청 났습니다. 문의해서 필터를 교환하니 싹 없어졌어요. 그 다음 번도 마찬가지였고(총 2번 필터 갈았음) 문제는 이걸 매년 갈게 될텐데 1년에 1만 7천원씩(배송비포함) 계속 지출해야 한다는 겁니다.. 애초에 금액이 80만원 가까이로 비싼데 필터 값도 계속 든다는 걸 알았다면 안 사지 않을까 싶어요. 미생물은 평생 죽지 않는다는 말에 추가지출이 없을 줄 알았는데... 초창기엔 필터를 따로 파는 페이지도 없었고(카톡으로만 주문가능했는데 이제 구매링크가 생겼네요) 필터 6개월마다 교체하라는 것도 구매페이지에 설명이 없었습니다. 나중에 냄새 문의하고나서야 알려줬으니까요. 정말 편하긴 하고 1년 동안은 친구들에게도 추천하고 다녔지만 지금은 이런 추가금 문제를 생각해보시고 구매하시길 추천드려요.,6
180,2023-08-12,@깜찍이-j6x,고마 정보 고마워 근데 구매링크로는 베이지만 살 수 있어서 다른데서 실버 샀어 미안해..,0
181,2023-08-12,@동네백곰,치킨무 넣으니 시큼한 냄새 엄청 나던데.. 뭐지 ㅠㅠ 일부러 물에 행궈서 부웠는데,1
182,2023-08-12,@김영훈-i8b6t,댓글알바 미쳤네 ㅋㅋㅋㅋ귀곰님 조회수 180만회짜리도 댓글수 500개 언저리인데 이건 700개가 넘네,14
183,2023-08-10,@kymin-x1c,사망여우느님이 저격한 사기업체 제품은 사면 안 됩니다.. <br>꼬리 자르기 하려고 판매자명 세탁하고 있다던데 요즘 소비자들 똑똑합니다.. <br>바이럴 여론 조작하려고 해봤자 소용 없네요 린클씨 ㅋ.. <br>주변에 린클 산 사람 애기 들어보면 난리도 아니더만 소설 쓰면 좋습디까....<br>허위광고 안 하는 정직한 대한민국을 만들어주세요...,9
184,2023-08-10,@kymin-x1c,물론 귀곰님한테 잘못을 묻고 싶지는 않습니다 귀곰님도 피해자 이니까요...<br>다른 피해자들이 더 안 생겼으면 하는 바랍입니다....,0
185,2023-08-09,@so214_2,"사기업체가 이제품을 위탁판매한다고 해서 연관이 없다고 하지만, 그 사기꾼들이 활개치게 하고싶지 않네요! 저는 좋게봤지만 상종도 안하렵니다.",2
186,2023-08-09,@hyunjunghazelshin9498,육아가전으로 시작해서 가전에 미친 가전변태 아저씨 이제 가전 필요할때 귀곰 먼저 검색합니다 님좀짱,0
187,2023-08-08,@다캐릭증후군,"<a href=""https://www.youtube.com/watch?v=7DTpY4cMpd4"">https://youtu.be/7DTpY4cMpd4</a><br>같은 회사 제품인데 제품이 참 극과 극이네요",2
188,2023-08-07,@타미야-g5l,"린클쓰고있는데 추천함. 냄새거의안나고, 음쓰봉지 안담아도 되서 너무편함.  미생물 안죽고 다 관리가능함.  구청들어가서 보조금 모델확인후 신청.  가끔보조금 다나간경우있으니, 미리 구청 물고보고 구매하세요.",0
189,2023-08-06,@user-tl1sw4xr3b,아직 살 때가 아니네요,0
190,2023-08-06,@brownsuny,3년정도 된거 같은데 결국 쿠팡꺼 미생물로 새로 샀음. <br>떡지고 밥알도 분해안되고 눈으로 보여서 그냥 갈아치움. <br>----------------++-<br>2년째 쓰고 있오 아직 고장은 안났음. <br><br>미생물을 무한하게 쓸수 없다는건 맞음. 1년이상 쓰니  점점 미생물 힘이 없어져서 인지 내부가 떡질때가 많음. 미생물울 한번씩 바꿔줘야 하는거 같은데 문제는 그 가격이 좀 비싸다고 생각함. <br><br> 쿠팡이런곳에 린클꺼보다 좀 저렴하게 팔긴하는데 아직 사보지는 않았고 다행히 <br>주변에 린클 쓰는 사람이 있어서 미생물을 좀 얻어올수 있어서 편했다. <br><br>곰 영상처럼 음식물 그냥 버리면 미생물 약해졌을때 그렇게 했다간 2주넘게 탈취랑 제습만 돌리고 음식물 못넣을수도 있음. 우리도 아내가 제육볶음 배달시킨거 공기그릇 하나 정도 그냥 쏟아넣었다가 3주간 탈취랑 제습만 돌렸는데. 이후로 미생물 맛 가서 결국 주변에서 얻어온거임. <br><br>요즘은 싱크대에서 1차로 양념이나 기름기 물로 닦고 넣는데. 그래도 수분기가 많으면 너무 떡이 심하게 지내.. <br><br>그래도 일단 음쓰 버리러 1층 안가도되니 만족은 하지만. 역시나 가격이 그 1층 안내려 가도 될정도이냐가 제일 고민거리인듯...,1
191,2023-08-06,@손영곤-c2g,저는 수박같은 껍질이랑 수분이 많은 과일 같은 경우 휴롬녹즙기 이용해서 수분 빼내고 껍질 찌꺼기만 넣어 사용해요~,0
192,2023-08-05,@엄정아-r1t,저희엄마 오이김치한통그대로 버려 미생물 축축해지고 음식물분해안돼 얼른퍼내고 제습열심히 누르니 한2일뒤에 복구되는거 보고 너무 감동했습니다 복구되고한 2일정도 조심하느라 못썼는데 그때  더 절실히 린클의소중함을 느꼈습니다,4
193,2023-08-06,@brownsuny,잘하셨어요. 근데 미생물이 점 약해지면 그 기간이 길어지더라구요.,0
194,2023-08-05,@김종영-c7v,사기꾼 기업 린클,7
195,2023-08-05,@속후련하다,난 분쇄형 처리기 쓰고 있는데  이것도 골라내야 하는건 똑같더라.   안에 체리꼭지 몇개 들어가 돌아가는 분쇄기에 걸려 코팅 벗겨지는 등의 문제로 5만원짜리 통 몇번 교체했다.  코팅 벗겨지는 문제가 너무 잦아 미생물 처리기 영상 찾아 보고 있는 중에 참고해 보시라고 글 올려본다,2
196,2023-08-04,@pqpq88,귀곰 장기 프로젝트 리뷰도 믿고 사망여우님 공익 제보도 믿고 어쩌면 좋죠? 혼돈에 빠졌어요<br>저 같은 분들 많은거죠?,10
197,2023-08-04,@ylingg4158,린클 2년가까이 쓰는중인데 가전중 최고만족스러움. 음쓰 버리러 내려가는거 정말 극혐하는 사람이라 정말 없으면 못삼,3
198,2023-08-03,@coolhee0504,저도 2년 넘게 사용중이요! 복숭아먹고 씨도 저는 그냥 넣어요! 하루 뒤 씨만 남아서 채로 걸러내어 종량제 버립니다! 하루살이 안생기고 좋아요! <br>친환경적이라 넘 좋아요,1
199,2023-08-03,@별님-n7y,이분은 음식물쓰레기 전문 유튜버이신가요?,0
200,2023-08-03,@다다익선-i4e,저도 쓰는데 너무 만족합니다.<br>냄새는 음식물을 버리기전 물에 잘 헹궈버리면 거의없지만 톱밥냄세가 나기도 합니다,2
201,2023-08-03,@kate_83,"귀곰님 믿고 구입했는데 이게 무슨일인가요..사기업체였다니ㅡㅡ<br>요즘은 라방에서 할인도 해서 판매하던데..2주전 리뷰하실때 링크타고 가서 848,000원 정가주고 구매했어요<br>적은돈 아니지만 귀곰님 믿고 구매했는데 갑자기 신뢰가 훅 떨어지면서 머리가 아프네요 아..내돈ㅠ",7
202,2023-08-06,@brownsuny,린클 1세대 모델 나 살때 70정도였던거 같은데 올랐나 보네요. 일단 저는 2년 넘게 쓰고 있는데 회사를 떠나서 제품자체는 쓸만해요.,0
203,2023-08-01,@haaa8274,"댓글에 알바들 엄청 많이 보이네…<br><br>다들 A/S가 너무 편하다 어쩐다 하는데,, 그런 댓글이 이렇게 많으면… 뭐 구입하고 죄다 수리받은 사람들인거야? ㅋㅋ 이게 알바가 아니면 더 문제 아니냐고.. AS안받고는 못쓰는 제품이라는거? ㅋ<br><br>그리고 귀곰 다른 영상 대비 댓글수가 이상하게 높음.<br>조회수 100만 훌쩍 넘긴 영상도 이것보다 댓글이 적은디요ㅡㅡ;;<br>작위적인 댓글알바 극혐..",20
204,2023-08-06,@brownsuny,저도 2년째 사용중인데<br> 최근 사망여우 영상 봐서 인지 저 as댓글들이 다 알바 같네요.,2
205,2023-08-01,@마시멜로-n8v,"나 린클 결혼하고 신혼집 들어오면서 샀는데  지금 ㅈㄴ 튼실하게잘커서 이제 좀 양념잇거나 해도 걍 줌. 순삭임,   대신 제습도 상태봐서 습하면 좀 시켜줌,   어제먹다남은 탕수육이랑자장면 양파, 단무지, 김치, 김치무, 고추 투척햇는데 아침에일어났더니 없음ㅋㅋ 근데진짜 미생물다죽었다는집은 도대체어떻게관리를한거야ㅋㅋㅋㅋㅋㄱ  겨울에 환기안시키고 창문닫아두고살면서 창문에 물이흘러요. 곰팡이폈어요  이런말하는집들인가.....  심지어 1년 반전보다 미생물들 더 튼실해져서 이제 어지간한건 그냥 버림.",3
206,2023-08-06,@brownsuny,2년째 사용중인데요. 사용기간이 달라서 또는 음식물 차이 일수 있지만 미생물이 점점 약해지더라구요. 애네가 처음에는 넣으면 다 소화시켜서 인지 떡지지도 않고 항상 말라 있었거든요? 근데 나중에는 님처럼 기름진거 한번 잘 못 넣었는데 흙도 검전색으로 변하고 찰흙처럼 굳어져서 제습탈취 2주간 해도 안살정도였어요.<br><br>미생물도 약해디면 한반씩 바꿔 줘야히는 타이밍이 있는거 같더라구오,0
207,2024-01-30,@마시멜로-n8v,​@@brownsuny미생물 못 살리면 미생물흙은 바꿔줘야죠ㅜㅜㅜㅜ 저흰  이제  이사가서 이번에 한번 사서 바꿔줄까 걍 테이프로  감고 이동할까 생각중이에요ㅜㅜ,0
208,2024-01-30,@brownsuny,@@마시멜로-n8v 4개월 전즘에 도저히 안되겠어서 쿠팡에 비슷한 미생물 제품 팔아서 넣어봤는데. 한달정도 효과 보는듯 하다가 다시 떡져서 안쓰다가. 지난달에 린클에 as 보냈어요. 결론은 제습관련부춤은 문제 없다 였고 거기서 6만원 내고 부품 새거로 갈아주고 미생물도 보내주네요...,0
209,2023-07-31,@rozy_su,스마트카라 신상도 린클이랑 비교 리뷰해주세요!,1
210,2023-07-31,@pppopppo84,2년넘게 잘쓰고있는데.... 댓글들보고 깜짝 놀랐네요... 저는 1세대 잘쓰고 있습니다,2
211,2023-07-31,@jih3629,제품이 안좋으면 제조사를 탓해야지 리뷰어는 왜 욕하는지모르겟다.,2
212,2023-07-30,@vaneelee,"린클 2년 사용자임. 2년넘게 필터 안갈았고, 주방 싱크대 옆에 놓고 쓰는데 집에서 냄새 안남(거의안남x.아예안남o) 뚜껑 열어야 남.",0
213,2023-07-30,@텟츙,QNA 미쳤네 궁금하려고 하면 다음 장면에 나옴 ㄷㄷ 제조사도 이렇겐 안해줄 것 같은데,1
214,2023-07-30,@김유섭-t8b,린클이 좋고 안좋고를 떠나서 회사 자체가 사기에 댓글부대를 쓰니 린클을 칭찬하는사람들도 그렇게 보이게한 회사를 탓해야하지 않을까 싶네요,16
215,2023-07-30,@chsho81,생선뼈 가령 조기나 고등어 가시나 대가리도 분해되나요?,0
216,2023-07-29,@파리보틀-d9y,여기 린클 광적으로 빠는 댓글 너무 많은데 댓글알바 아닌지 ㅋㅋㅋㅋ 린클 대표 다른 벌레퇴치기 사기꾼으로 사망여우한테 저격먹은거 보고 신뢰감 뚝 떨이라 이 제품이 신뢰성이 있는지 모르겠네 ㅋㅋㅋㅋ,40
217,2023-09-14,@엉뚱한친구,써보기는 했나요? 일상생활 가능하신가,3
218,2023-09-17,@파리보틀-d9y,@@엉뚱한친구 찾았다 린클,0
219,2023-09-21,@설체리-k3f,님이야말로 알바같은데요,4
220,2023-07-29,@jaaj5290,문제는 비싸다는것 하나뿐,2
221,2023-07-29,@rlarltmd1,리뷰 자체는 엄청 도움이 되는게 맞죠. 문제는 미생물배양토라는게 예전부터 있었던거고 린클은 그냥 통에 느린 모터하나 달아서 파는건데 70만원씩 받아 먹던거.. 말도 안되는 가격이 맞았음..,66
222,2023-07-29,@LIVE-zp3lz,맞음 그냥 흙만 퍼넣어도 되는 거를 마치 특별한 기술처럼 속여서 파는게 비비딕이랑 똑같은 수법,9
223,2023-08-03,@스페인붉은놀래기,그럼 느그들이 만드세요 ㅋㅋㅋ 똑같은 성능에 10만원 줘도 살 사람 널렸는데 왜 안 팖?,11
224,2023-08-05,@똑똑-m7x,@@gigirin4577 경제를 못배워서 그래요 ㅋㅋ 저게 정말 10만원에 뚝딱가능하면 만들어서 20-30만원에 린클과 동일한 성능! 안팔리겠어요?ㅋㅋ,6
225,2023-08-10,@kymin-x1c,사망여우 음식물처리기 관련 댓글 엄청 많았는데 다 밀어내기 한거같네요.. 제품 실력보다 바이럴 실력이 더 뛰어난거 진짜 인정입니다.. ㅋ ..,5
226,2023-08-18,@fluffydrg,​@@gigirin4577캐리어 클라윈드 제품 20만원대 있네,2
227,2023-07-28,@LIVE-zp3lz,"허위 광고, 리뷰 조작으로 소비자 기만하는 사기 업체는 박멸해야 합니다. <br>비비딕이랑 린클 같은 회사이고 성공적으로 브랜드 런칭해서 사업 확산하고 있다는 블로그 글 있다가 이슈 터지니까 바로 글 삭제됐습니다.<br>사실 여부를 확인하려는 소비자 댓글들도 린클이 빠르게 삭제하고 , 실제로 자기는 2년 3년 잘 쓰고 있다는 같은 이야기만 반복하고 있습니다. <br>유명 유튜버들 믿고 린클 샀다가 뒤통수 당한 분들 가만히 있으면 안됩니다. <br>더 이상 소비자를 무시하면 안 된다는 것을 제대로 보여줘야 합니다.",21
228,2023-07-28,@지혜박-i8l,같이 쓰시는 가열분쇄기는 어디 제품인지 알수있을까요??,0
229,2023-07-28,@snow5055,사망여우님 영상보고 린클이 연관되어있다니 진짜 개깜놀 했습니다... 개인적으로 귀곰님 영상보고 린클사서 지금 대만족하면서 잘 쓰고 있거든요.. 다른 미생물음쓰처리기와 비교해서 어떤지는 잘 모르겠지만 만족도가 높아 친구들한테 린클 추천 많이 했는데.... 유료광고였던걸 떠나 귀곰님의 추천후기는 찐이었다고 생각합니다.,9
230,2023-07-27,@대한민국만세-q3m,바나나껍질은 가위로 잘라서 넣으면 됨.,2
231,2023-07-27,@handclapJ,"귀곰님이나 다른 유명 유튜버, 인플루언서 분들이 린클 엄청 칭찬하길래 보고 있었는데 사망여우님 벌레 퇴치기 영상 보고 신뢰가.... 린클은 단순 관계없다는 식으로만 대응하고 끝, 관련 게시물을 다 내려가고;;  문제 업체 자체가 바이럴로 워낙 말이 많다보니 린클만 다를 것이다라는게 좀..^^..... 다들 귀곰님 영상 보고 린클 좋게만 생각하실까봐 이슈에 대해서 알아야 할 것 같아서 댓글 달아봅니다...",23
232,2023-07-28,@cumbara4595,아니 근데...정말 실제 실 사용자들이 좋다고 칭찬하는데도 이런 이슈로 저같은 실사용자 후기마저도 바이럴 아니냐라는 취급받는건 조금 화나는 부분이네요. 진짜로 너무 만족하고 있는데..물론 원리 생각하면 가격이 너무 좀 과하다는 측면은 지적받아 마땅한 부분이라고 생각합니다만 말이죠.,3
233,2023-07-28,@크레페-f8i,"이게 참 억울할만한게, 린클을 제작한건 한미프렉시블이고 아비크는 해당 제품을 판매하는 판매처 중 하나였음. 이걸 어떻게 대응해야하는지 너무 궁금함.. 아무 업체나 삼성이름달고 사기치면 삼성의 잘못임? 사기친 회사의 잘못이 아니고?? 린클을 본인들이 올려둔건, 본인들의 &#39;비비딕&#39;을 포장하기 위한 방법이었다는 생각이 드는게 자연스러울 것 같은데.. 물건을 판매하는 스토어에서 리뷰조작을 해서 판매하면, 판매한 스토어가 잘못이지 제작한 제작사가 문제라는건 조금 다른문제로 보임.",7
234,2023-07-28,@kkk-ek4yy,​​​@@크레페-f8i판매처가 문제 일으키면 물건 공급을 안하거나 제재를 해야지<br>사기로 잘 판매한다고 계속 공급하면 같은 사기꾼 아닌가요?,3
235,2023-07-28,@크레페-f8i,"@@kkk-ek4yy 사기로 잘판다는 사실을 어떻게 파악할까요? 제품을 제공할때마다 그 회사를 확인하고, 확인된 회사가 이후에 문제를 일으키지 않는지 계속 파헤쳐야할까요? <br>지금 물건을 파는게 문제라면, 이미 제공된 물건을 다시 내놓으라고 해야할까요? 계약해지하고 물건을 수거했는데, 개인의 자격으로 물건을 가져가면요? 다른 회사의 명의로 물건을 받아가면요? 그러면 어떤 이유로 사기꾼이 되는걸까요? 단순히 &#39;너희 제품을 판매하게 냅뒀으니 너도 공범이야&#39; 라는건 논리가 아주 빈약합니다.",3
236,2023-07-29,@LIVE-zp3lz,여기서 중요한건 위탁 판매만 한게 아니라는 거임. 아비크에서 비비딕을 시작으로 린클도 런칭해서 성공적으로 사업을 확장하고 있다는 인터뷰가 22년 11월에 블로그에 올라왔다가 며칠전 삭제됐음. 사업을 어떻게 확장했겠어?똑같은 수법으로 리뷰 조작하고 허위 과장 광고 했겠지,0
237,2023-07-27,@cheesecake364,"사망여우 보고 나니까 린클 제품 못 사겠어요;; 성능없는 초음파 벌레 퇴치기 만든회사가 런칭한 브랜드인 것도 팩트, 이슈 터지니까<br>큐앤에이 삭제하고 답변 안하는 것도 팩트, 심지어 퇴치기 만든 회사 공식 블로그에 올라왔던 린클 관련 자료도 다 지웠더라구요<br>진짜 관련없으면 더 적극적으로 대응하지 않았을 지... 그냥 상황 무마하려고 입장문 하나 띡 올린 거 같은데...<br>귀곰님 영상은 정말 좋은데 제품이 이렇게 불호인적은 첨이네요",14
238,2023-08-01,@마시멜로-n8v,린클지금까지안썻음 그냥  사망여우보고나서 못사는게아니라 안살사람이에요 애초에. 걍 음쓰봉에버리세요  어차피 린클안써보셨음 얼마나 편한지 모르기때문에 딱히 타격감도없으실듯. 치킨도 먹어본사람이 맛을아니 미치는거지. 아에 안먹어보면 모르니까요. 쓰지마세요 그냥. 음쓰처리기다른것도 있어요 . 물론 저는 씁니다 ..   이미써서 그 맛을 알아버려서요 ㅜ,4
239,2023-07-27,@달콤의로아,그렇지만 유통사 해명이 1도잆네요 귀곰님 이미지만 떨어질듯,5
240,2023-07-27,@안녕은커녕,알림설정,0
241,2023-07-27,@안녕은커녕,좋아요,0
242,2023-07-27,@fjmjyumi,이거 비비딕이라고 초음파 바퀴벌레 퇴치기 효과하나도 없는거 리뷰 조작으로 팔아서 떼돈 번 회사건데 이걸 돈받아먹고 광고하냐? 양심 있으면 돈 돌려주고 영상 내려라,6
243,2023-07-27,@달콤의로아,린클에 유통하는 업체가  문제적인  기업이긴하지만 귀곰님까지 의심하는건 ᆢ쫌  모든게 잘못됬다고 하기엔ㅜㅠ,4
244,2023-07-26,@kmg2880,해당 업체 논란생긴김에 쿠쿠같은 다른 업체의 미생물처리기 성능이 유의미한 차이가 있는지 비교 리뷰 해주시면 안될까요. 유튜브엔 오직 린클 제품에 대한 리뷰만 있고 다른 업체꺼는 없어서 성능 비교는 못하고 그저 린클 제품 리뷰가 많아서 구매하는 흐름이 됩니다.,11
245,2023-07-26,@TV-nh3hu,쓰고 있다는 사람들이 좋다고 한다 그러므로 린클은 진짜다 이런 논리면 지금 사망여우가 저격한 초음파 벌레 제거기도 네이버 평점 4.3로 매우 준수함 ㅋㅋ 요즘 시대에 죄다 유료광고 바이럴 허위 리뷰들 천진데 그런 댓글을 어케 믿냐고 ㅋㅋ 린클이 억울하지 않으려면 지금 당장 린클 공식 마크 달아 놓고 판매하고 있는 저 유통사에 뭔가 조치를 취해야지 왜 그냥 냅두는데?,10
246,2023-07-26,@sanjung77,네이버 쇼핑에 가셔서 린클 푸드클리너 검색해서 후기 한번 보세요<br>불만이 너무 많네요<br>귀곰님도 소비자에게 정확한 정보 제공하세요,16
247,2023-07-26,@sanjung77,@@user-yy4vc6sb7u 1년째 사용했는지 알게 뭐람<br>린클 푸드클리너 후기 쓴사람들이 진짜 사용자 겠지<br>거기 미생물 사러온 사람은 다 똥 멍청인가?,0
248,2023-11-21,@Richduckduck,저도 지금 그래비티 냄새때문에 돌아버릴 가 같아요 ㅠㅠ 고객센터 대응도 같은말만 반복.. 진짜 80만원 주고 악취제조기를 샀어요,0
249,2023-07-26,@스언-f8z,린클 사용해보지도 않으시고 사망여우님 영상 관련 댓글부터 다시는 분들도 계신데 물론 전 그 영상을 본 적이 없어서 그 분이 틀렸다 기다 할 순 없지만 전 린클 정말 잘 쓰고 있어요.. 초반에 2주정도 쓰다가 이상있다니까 다음날 바로 무료교환도 해주심 억까 멈쵸..😢,12
250,2023-07-26,@sanjung77,푸드클리너 판매하는 곳에 가면 불만이 가득합니다.,1
251,2023-07-26,@sanjung77,@@user-yy4vc6sb7u 그냥 귀곰 영상 챙겨보는 사람인데<br>이 대목이 너무 웃겨 ㅋㅋㅋㅋㅋㅋ<br>난 처음 온사람인데 ㅎㅎㅎㅎㅎㅎㅎ,0
252,2023-07-26,@손정현-i5w,@@sanjung77사망여우영상보고 와서 댓글 초토화난거 보고 잇는디 이분 어딜가나 푸드클리너 댓글 달고 댕기는듯 푸드클리너말고 제품은 사용해보셧는지?? 판매하는곳 불만가득하다는 말만 쓰지말고 직접 써봣으면 그거에 대한 말좀쓰셔야할듯 ㅋㅋ,4
253,2023-07-26,@sanjung77,​@@손정현-i5w 제품에 문제가 있다는 후기 있는 곳 소개했더닌 어딜가나 푸드클리너 댓글 달고 댕긴다니요 ㅎㅎ 그리고 한번 댓글 달았는데 지우니깐 자꾸 댓글 달죠<br>그리고 린클 오래 사용한 사람들이 미생물 다시 구매하는 푸드클리너 후기를 봐야 진짜 정확한 정보일 듯합니다.<br>난 이런 후기도 있다고 소개하는데 민감하긴 ㅋㅋㅋ,0
254,2023-07-26,@sniper-yt5hc,"린클회사 사망여우 채널에서 바이럴  많이하는 회사, 효과가 전혀 없는 제품도 허위광고로 팔아머코 있다고 찍혔음😂",9
255,2023-07-26,@slqisjwkqk1029,린클 회사가 아니고 아비크가 유통만 해주는거고 둘이서로 다름..,3
256,2023-07-25,@평화주의-p9k,아비크가 린클 유통만 하고 있다고 하더라고요<br>제조사와 A/S는 다른 회사라고 아비크와 관련 없다는 해명이 올라왔더라고요,13
257,2023-07-29,@LIVE-zp3lz,"속지 마세요. 아비크에서 비비딕, 린클 성공적으로 런칭했다고 기사 퍼뜨리더니 왜 이제와서 위탁판매만 했다고 꼬리 자르기 하려는지 이해가 안됩니다. 귀곰님이 리뷰를 꼼꼼하게 하신 것에 문제를 제기하고 싶지는 않지만, 리뷰 조작하는 사기 업체를 돈 받고 홍보하는 것은 더 이상 없으면 좋겠습니다",0
258,2023-07-25,@박완규-n2o,어제 사망여우님 영상 보다가 어.. ? 어디서 봤는데 하고 검색해봤더니..,4
259,2023-07-25,@reencle,"안녕하십니까 비앤테크 대표 방용휘입니다<br><br>가정용 음식물처리기 &#39;린클&#39;의 공식 제조, 판매사는 &#39;주식회사 비앤테크&#39;, &#39;한미프렉시블&#39;입니다.<br><br>린클의 모든 지식재산권은 비앤테크 및 한미프렉시블에서 소유하고 있으며 린클의 상품기획, 개발, A/S 및 모든 유통은 비앤테크에서 일괄 진행 및 관리하고 있습니다.<br>린클의 모든 제조 생산 및 품질관리는 경상남도 김해시에 위치한 본사에서 관리하고 있습니다.<br><br>또한 유튜브 채널 사망여우에서 언급된 벌레퇴치기 상품은 당사에서는 알지 못하는 상품이며, 비앤테크 및 린클과 전혀 관계가 없음을 알립니다.<br><br>주식회사 아비크는 주식회사 비앤테크가 위임한 일부 상품 판매를 제외한 어떠한 권한도 갖고 있지 않음을 알립니다.<br><br>아울러 주식회사 비앤테크는 주식회사 아비크와 무관하게 홈쇼핑 및 오프라인 백화점, 자사 온라인 스토어를 통해 &#39;린클&#39;의 판매를 진행하고 있습니다.<br><br>이번 사태를 계기로 자사 제품의 판매처에 대한 관리를 철저히 진행하여 빠르게 점검을 하도록 하겠습니다. 린클 음식물처리기를 아껴주시는 고객님들께 최고의 품질과 서비스를 제공해드릴 수 있도록 최선을 다할 것을 약속드립니다.<br><br>감사합니다.<br><br>주식회사 비앤테크 방용휘 배상",102
260,2023-07-25,@alweeeqp,후 찝찝했는데 감사합니다,7
261,2023-07-25,@김민선-w9l2r,지금까지 잘 써온 제품이였는데 어제 사망여우 영상보고 찝찝했던 부분이 해소가 되네요~~~ 우리 린클이 계속 잘 써보겠습니다~~,7
262,2023-07-25,@박상추-g4w,깔끔하다,3
263,2023-07-25,@TV-nh3hu,"현재 네이버 스마트 스토어, 웹사이트 모두 저 비비딕 유통사에서 린클 공식 혹은 오피셜이라고 판매 중인데 그럼 추후 법적 대응하실 생각은 있으신 건가요? 누가 봐도 저 회사가 린클 공식 판매자인 것처럼 판매 중인데요? 이제와서 유통사라 우리랑 상관 없다하면 솔직히 믿음이 잘 안 가네요.",17
264,2023-07-26,@jennyjung5995,"혹시 판매처 옮기실 계획 없으실까요? 제가 친구한테 추천해서 친구는 사용중인데, 저랑 부모님꺼는 아직 구매 안해서 구매 예정이었거든요. 그런데 문제있는 판매처 통해서 구매하고싶진 않아서요",1
265,2023-07-25,@rucaru3039,초음파 해충 퇴치기와 린클에는 공통점이 있습니다.<br>1. 과학적으로 보이나 사실 과학적이지 않다.<br>2. 기계가 제대로 작동하려면 &#39;적응기간&#39;이 필요하다<br>3. 실사용후기(블로그든 유튜브든)는 죄다 바이럴 광고뿐이다.<br>(광고 안붙은 리뷰는 쓰지말라는거밖에 없다 ㅋㅋ),17
266,2023-07-25,@퓨리-h3x,회사가.. 문제가 많군요...,6
267,2023-07-25,@dgdfg2r23f3,귀곰님 10만 구독때부터 시청해온 애청자입니다<br>최근 음식물쓰레기 처리기를 알아보다가<br>배관에 설치해서 분쇄해서 처리하는 기계가 있는데<br>싱크루션이라는 업체 제품은 사용만해도 불법으로 과태료 처벌한다고 합니다<br>혹시 관련한 리뷰 가능하다면 부탁드립니다!,1
268,2023-07-25,@김김-o6x,린클 회사가 완전... 귀곰님이 더 이상 린클 광고 안하셨으면 좋겠습니다..,5
269,2023-07-25,@알콜파이터,형....사망여우님이 린클회사 저격햇어요...... 형 타이틀에 문제될거같아요,7
270,2023-07-25,@정유너-q2y,이 영상 보고 린클 샀는데 찝찝하게 됐네요ㅠㅜ,9
271,2023-10-25,@youtubehi7,어떤부분으로 찝찝하세요?ㅜㅜ,0
272,2023-07-25,@kimhooun,형 큰일이야 린클 사기바이럴 업체래,7
273,2023-07-25,@kkk-ek4yy,@@Blaine_support 제품은 좋든 안좋든 린클도 댓글 알바 쓴건 마찬가지죠,3
274,2023-07-25,@kkk-ek4yy,​​​그런 댓글을 일반인이 단척 속이는게 그런것이 기망이며 사기라는 겁니다 <br>기망뜻을 모르시면 검색한번 해보세요<br><br>그리고 영상속 지인들 인터뷰에서 사용후기를 말하는데 저게 대본이라면 기망행위입니다,2
275,2023-07-25,@CherryThumbsUp,다른 영상 보니 이 제품 만든 회사가 바이럴로 상당히 유명하던데… 뭔가 제품에 신뢰가 갑자기 안 가는 느낌이 들어요,10
276,2023-07-25,@Koarzt,"사망여우님의 영상을 보시다가 린클 이야기가 나와서 이 영상으로 들어오신 분들을 위해 제가 나름대로 찾아본 정보를 공유합니다.<br>1. 문제가 되었던 제품은 비비딕의 초음파 벌레퇴치기다 (효과가 &#39;전혀&#39; 없다. 그러나 그 어떤 근거도 없이 좋다고 하였고, 심지어 (비비딕을 특정한게 아닌 모든 초음파 퇴치기가) 효과가 없다고 네이버 지식인에 답변을 한 곤충 전문가에게 소송을 걸었고 지금도 진행중이다)<br>2. 이는 유통회사 &#39;주 아비크&#39;의 브랜드이며, 아비딕의 직원들의 회사에 대한 평가에서 리뷰를 조작한다는 내용이 많이 나왔다.<br>3. 초음파 퇴치기의 제조회사는 (주) 제이엠테크로, 같은 제품을 &#39;캐치큐&#39;라는 브랜드로 판매중이다.<br>4. 그런데 (주) 아비크의 브랜드 중에 &#39;린클&#39;이 포함되어있다.<br>5. 하지만 아비크은 유통업체이고, 제조사는 &#39;한미프렉시블&#39;이다 (정확히는 아비크의 대표자가 소유한 &#39;에이치컴바인드&#39;라는 회사가 &#39;한미프렉시블&#39;이 제조한 미생물처리기를 &#39;린클&#39;이라는 브랜드로 판매하고 있다). 한미프렉시블은 말하자면 그냥 별개의 기업이다. 다만 린클의 소유주가 한미프렉시블이라 착각하기 쉬울 것 같다.<br>6. 즉, 린클 판매 과정에서 리뷰 조작, 거짓 과대광고 등의 문제가 있을 확률은 있지만, &#39;한미프렉시블&#39;이 그저 좋은 기기를 만들었을 가능성 또한 존재한다.<br>7. 이 영상은 &#39;니돈내산&#39; 플레이리스트에 들어있는걸로 보아 일단 광고영상인건 맞긴 하다.<br><br>즉, 린클 회사의 경영자가 거짓 리뷰 등으로 바이럴마케팅을 하는 모회사도 운영하는 것이 드러났으니 이제 귀곰님의 대처가 어떠할지를 봐야할 것 같아요. &#39;이것들을 알고 나서도&#39; 벌써부터 귀곰님이 사기에 동참했다는 등의 댓글을 다는 사람들은 그저 꼬투리 하나 잡았다고 아득바득 비난하고 물어뜯으며 희열을 느끼는 한심한 인간들로밖에 보이지 않을 것 같아요.",108
277,2023-07-25,@보슨-f3l,오 나도 그거 보고 왔는데,0
278,2023-07-25,@kkk-ek4yy,바이럴 자체가 리뷰 조작을 안할 수가 없음,1
279,2023-07-25,@Koarzt,@@Blaine_support 아 잘못 썼네요. 윗 내용에선 제대로 썼는데 마지막에 요약에서 실수를...😅 수정할게요. 감사합니다:),1
280,2023-07-26,@김규태-r9y,이래서 사망여우하는것같네요ㅎㅎ 저도 보고왔는데,2
281,2023-07-26,@sanjung77,"저도 너무 후기가 좋아서 이상했는데<br>네이버쇼핑가서 푸드클리너 검색해서 사용 후기 한번  보세요 <br>깜짝 놀랬어요<br>좋다는 후기 대부분 관리하는 댓글인 것 같아요",4
282,2023-07-25,@leeshijin839,린클 참 대단한 회사더만요<br>대표란 사람이 참..<br>불매 해야됩니다,16
283,2023-07-25,@sky-rx5lj,사망여우가 저격한 회사의 린클 잘 봤구연~,8
284,2023-07-25,@읭읭-g5m,해명 부탁드립니다,5
285,2023-07-25,@useless_boring_life,사망여우님 새 영상 보다가 린클 나와서 어라? 하고 다시 와봤는데 그 린클이 맞네요.....<br>아무리 좋은 제품이어도 홍보를 하는게 맞나 하는 생각이 듭니다,9
286,2023-07-25,@userusernnnnn,"린클이 문제없다는게 논점이 아니다<br>그 업체가 사기업체라는게 논점이다<br>사기업체 배불리기에 동참할것인가 안할것인가가, 귀곰님 신중한 판단 내리시길",18
287,2023-07-25,@Koarzt,이게 맞는 논점인 것 같아요.<br>린클이 사기다 아니다도 아니고<br>귀곰님이 사기에 동참했다도 아닌<br>해당 제품 판매회사의 모회사가 사기업체인게 밝혀졌는데 차후 대처를 어떻게 하실 것이냐?,1
288,2023-07-25,@손정현-i5w,린클이 사기가 아니라 판매처라는 아비크가 사기 업체 같은데요? 린클 해명글 올라왔던데 단순히 판매만 하는거라고,1
289,2023-07-29,@LIVE-zp3lz,"아비크에서 비비딕, 린클 성공적으로 런칭했다고 기사 퍼뜨리더니 왜 이제와서 위탁판매만 했다고 꼬리 자르기 하려는지 이해가 안됩니다. 귀곰님이 리뷰를 꼼꼼하게 하신 것에 문제를 제기하고 싶지는 않지만, 리뷰 조작하는 사기 업체를 돈 받고 홍보하는 것은 더 이상 없으면 좋겠습니다",0
290,2023-07-24,@송인규-o8d,으.... 린클 ... 초음파로 바퀴벌레잡아준다던데 ㅋㅋㅋ,4
291,2023-07-24,@Leepand,댓글들 이제외서 다시보니 소름돋네...,8
292,2024-05-15,@짐승-e7b,왜염?,0
293,2023-07-24,@24la97,사망여우님 영상에 린클 제품 만드는 모회사가 리뷰 조작 했다고 떳네요.,20
294,2023-07-24,@yoonvely6125,헉 저도 그거보고 찾아와썽요 불과 10일전에 보면서 오~했던거라서ㅠㅠ,1
295,2023-07-25,@Koarzt,"만드는 (x), 판매하는 (o). 판매업체의 모회사가 리뷰조작을 한건데 제품 자체는 아예 관계없는 다른 회사 (한미프렉시블)에서 가져와서 &#39;린클&#39;이란 브랜드로 판매하는 것 같습니다. 즉 린클의 판매과정에서 문제가 있었으면 있었지 린클 제품 자체의 퀄리티는 사기업체와 무관할 것 같습니다.",1
296,2023-07-25,@24la97,@@Koarzt 님 말대로라면 판매업체의 리뷰 조작이 있었기 때문에 린클 제품의 리뷰도 믿을수가 없겠네요.,1
297,2023-07-25,@one_tm,"@@Koarzt 구글에 &#39;린클 바이럴 모집&#39;으로 검색하면 바이럴 담당자, 연기 모델, 댓글 리뷰 작업단 모집하는 글 많이 나오더군요. 제품 성능에 문제 없을지 몰라도 기업 마인드 자체가 저런데 과연 믿고 구매할 수 있을까요?",1
298,2023-07-27,@fjmjyumi,@@Blaine_support  선동당하지 말라니  사기업체 돈벌게 해주는게 잘하는 짓임?,1
299,2023-07-24,@kyumsangishard,댓글 쓸 마음이 없었는데.. 제조사가 양심없는 사기치던 회사 같아서 댓글 쓰게 됐는데 이건 테클도 아니고 아무것도 아니고 개인적인 생각인데.. 그냥 편할 뿐.. 돈 안들이고 미생물 음식물 처리기는 사용할수 있습니다. 그냥 적당한 흙을 담을수 있는 통과 흙과 약간의 귀찮음만 감수하면 됩니다.   유튜브에 &quot;미생물 음식물처리&quot; 라고 검색하시면 펀팩 funfac 게시물이 나오는데.. 이거 한번 보시면 그닥 음식물 처리기를 사야될 필요성은 못 느끼네요.  여름이라 냄새때문에 영상은 작년에 봐서 알았지만 며칠전에 시도했는데 집 뒤에 산이 있어서 부엽토 썩은 시커먼 흙을 퍼다가 담아놨는데.. 흙에 지렁이도 섞여있고 여러 벌레가 좀 섞여 있지만 그닥 음식물 쓰레기가 많이 나오지는 않아서.. 이틀에 한번정도 뒤적거리면서 써보니 아직까진 음식물 처리기가 부럽지가 않네요 ㅋ 미생물 기능이 떨어진다 싶으면 EM 용액이나 가루형태로 판매하니 그거 쓰면 되지 않을까 싶습니다.,10
300,2023-07-24,@kyumsangishard,이 건 좀 알려야 될거 같아서 댓글 답니다.. 린클 제조사가 양심이 없는 회사 같네요.. 물론 린클이란 음식물 처리기의 성능이 좋은것을 부정하지는 안겠지만.. 링크를 달면 글이 짤려서 긴 글을 주저리주저리 쓰긴 힘들거 같고.. 사망여우 유튜버 많이들 아실텐데.. 오늘자 &quot;전국에 깔렸습니다&quot; 라는 제목의 컨텐츠를 보시기 바랍니다. 아주 양심없는 사기 제품 팔아서 번 돈으로 사업영역 늘려가며 다른 제품 만들어서 파는 회사 같습니다.,20
301,2023-07-25,@Koarzt,"제가 알아보니 사기업체는 제조업체가 아니라 유통기업입니다. 린클 - 주 에이치컴바인드의 브랜드 - 대표 송병진 - 주 아비크 (직원평가: 거짓 리뷰 많이 쓴다)의 대표 - 초음파 벌레퇴치기 브랜드 비비딕 소유.<br>문제가 있는 (벌레퇴치기) 제조업체는 고영호가 대표로 있는 (주) 제이엠테크입니다.<br>린클 미생물음쓰처리기의 제조사는 &#39;한미프렉시블&#39;로, 아비크, 비비딕과는 별개의 회사로, LG전자의 협력사이기도 합니다.<br><br>즉 제조사는 정상이기에 린클 자체의 성능에는 문제가 없을 가능성이 있으나, 유통 및 판매업체가 직원들을 동원하여 거짓 리뷰도 남기고, (비비딕을 특정한게 아니라) 전반적으로 초음파 벌레퇴치기의 효능을 &#39;지식인 답변&#39;에서 부정한 곤충전문가에를 고소하는 등 문제가 많은 기업이라 판매과정에서 문제가 있을 수도 있습니다.",0
302,2023-07-24,@photographeseoul2356,방금 사망여우 동영상 보셨어요? 린클 판매업자 문제가 있는거 같아요,20
303,2023-07-24,@hjh311,초음파 벌레 퇴치기 회사가 린클도...,14
304,2023-07-24,@ppap99,린클 사지마세요 !,13
305,2023-07-24,@dmwriter,린클이 그 바이럴로 유명하다는 그 회사..맞는거죠? 귀곰님의 꼼꼼함을 봐선 제품엔 큰 문제 없었을꺼라 생각합니다. 하지만 이번 영상에 달린 후기나 댓글은 조금 신뢰가 떨어지는건 어쩔 수 없네요.,293
306,2023-07-26,@sanjung77,저도 너무 후기가 좋아서 이상했는데<br>네이버쇼핑 푸드클리너 사용 후기 보고 깜짝 놀랬어요<br>또 대표 해명글에 푸드클리너 사용 후기 댓글 썻더니 계속 지우네요,22
307,2023-07-27,@채니-w7i,헐… 바퀴벌레초음파퇴치기 유튜브 보고 ‘귀곰님이 광고하신 음식물처리기 뭐였지?’ 하고 와서 보니 린클… 귀곰님을 믿어도 되겠죠?,13
308,2023-07-28,@cumbara4595,"린클 홈피가서 린클 공문 보세요. 사망여우측의 벌레퇴치기 판매제품이야 문제겠지만, 지금 린클이랑은 별개의 문제가 뭔가 사망여우측에서 잘못 엮은 것으로 보입니다. 다들 오해 없었으면 합니다. 개인적으로 린클 너무너무 정말 잘 쓰고 있고 만족하고 있는 입장에서, 린클이 이런 잘못된 정보로 평가절하는 안당했으면 하는 바램입니다.",25
309,2023-07-28,@영영영-r6l,거짓말하는 회사제품을 신뢰하기가..더구나 유료광고,21
310,2023-07-28,@LIVE-zp3lz,"터질게 터졌네요 ㅋ 린클 주변에서 다들 1년도 안돼서 미생물 죽고 난리도 아니던데 좋은 후기만 넘치는 게 인위적이라고 생각했어요... 솔직히 지금도 린클 자기는 잘 쓰고 있다는 댓글 엄청 많이 올라오는데, 잘 쓰고 있는 사람이 굳이 이런 논란 속에서 댓글 남기는 게 더 이상하지 않나요? 린클 대변인도 아니고 진짜 ㅋㅋㅋ 바이럴 하는 거 너무 티나요. <br><br>귀곰님도 꼼꼼히 알아보시고 협업 하신 거겠지만 유명 유튜버라면 사기 업체는 걸러야 맞다고 봅니다. 이제라도 바로 잡읍시다. 비비딕이랑 린클 같은 회사인거 알고 있을 거 같은데 쉬쉬하는 건가요? 아비크에서 비비딕을 시작으로 린클도 성공적으로 키우고 있다고 팀장 인터뷰 글도 떡하니 올라와있는데 ^^<br>진정으로 구독자와 소비자들을 생각한다면 지금 눈 가리고 아웅하는 린클을 감싸주면 안됩니다. 아무 상관 없이 위탁 판매만 했다는 걸 누가 믿습니까~~~~~~~~~ 더 이상 소비자한테 장난치지 마세요. 부정 댓글들 삭제 하지 말구요. <br><br>계속 이런 식으로 인정 안 하고 덮으려고 바이럴만 하면 증거 자료 모아서 사망여우님한테 린클 제보 해야겠어요 같이 하실분?",43
311,2023-07-24,@TV-nh3hu,린클 효과 있다고 느끼는 분들은 걍 다른 브랜드 미생물 분해기 사도 똑같애요 ㅋㅋ 린클은 걍 이름값만 붙어서 드럽게 비싸지 다른 저렴한 제품 써도 어차피 효과는 똑같습니다.,16
312,2023-07-24,@Ricecake-RAKKE,사망여우가 공신력 있는 채널인건 인정하는데 이 채널 주인장의 광기어린 리뷰를 보면 린클 자체는 문제없어 보입니다...뭐 하나 듣고 득달같이 달려와서 물어뜯으려고 하는 수준 낮은 태도들 보이지 마시고 채널 주인장이 알아서 하시겠죠...중립기어 박읍시다,13
313,2023-07-27,@fjmjyumi,문제는 그 사기업체한테 돈 받아먹고 만든 영상이라는 거잖아 수준이 낮긴 뭐가 낮아,1
314,2023-07-24,@jjhwan354,허허 저 댓글들이 믿기가 어려워지다니 혼수로 린클사려고했는데 고민해봐야겠네요... ㅜ,4
315,2023-07-24,@성인오락,귀곰한테 왜 ㅈㄹ들인지;;  린클 잘쓰고 있는 사람들 주변에 많고 나도 존나 만족하면서 쓰는중  해충 저것만 개 쓰레기인듯,14
316,2023-07-24,@sandrock0429,? 근데 사망여우가 효과없다고 언급한건 비비딕뿐이지 린클은 아니잖음,10
317,2023-07-24,@spaceneat,여러분 업체가 쓰레기인건 맞는데 귀곰님의 죄는 몰랐다는 죄만 있는거 같으니 중립기어 박는게 나은거  같습니다.<br>실제 리뷰보면 실테스트 오랜기간동안 하고 실제로 초음파와 다르게 원리도 어느정도 명확한 기기라서<br>호구가 될지언정 제품 자체는 초음파퇴치기와 다르게 멀쩡하다고 봐여<br><br>물론 귀곰님이 손절안하고 업체를 두둔한다면 기어올리셔도 되겠지만...<br>암튼 리뷰어들한테 광고 ㅈㄴ 돌린거같은데 아마 리뷰어들도 제품이 괜찮으니 추천했겠죠.<br>사망여우님처럼 회사의 올바름을 따지는 분들은 많이 없으니 해명영상 올라오기전까진 중립 ㄱㄱ,7
318,2023-07-24,@휘파파-h4q,아..근데 사망여우가 제조사 올렸던데..이건 괜찮은거 맞죠.?,3
319,2023-07-24,@user-13k3bc34eiw,아하 이게 바로 그 비비딕(초음파 퇴치기 효과 없다고 사망여우가 올림)을 파는 회사의 린클 제품이군요?,4
320,2023-07-24,@kjuman75,린클 사기업체의심되는 회사에서 파는거라는데 믿을만한가요?,6
321,2023-07-24,@누리누리-r9j,형님 최대한 빠르게 해명하셔야 될 것 같습니다 ㅇㅇ,8
322,2023-07-24,@goldberry9350,ㅅㅂ 나 린클 샀는데 해명좀,6
323,2023-07-24,@user-ee5b7780,린클... 광고를 이런 업체를 받았나요?? 아무업체나 광고 받을거 같으면 왜 귀곰 후기를 보나요??,17
324,2023-09-21,@medimix5,ㅋㅋㅋㅋ 보지마라!,0
325,2023-07-24,@seojunyang12,와.. 사망여우 영상보고 왔는데 린클 파는 업체네 이 제품 믿을 수 있음? 댓글알바돌리는 회산데,8
326,2023-07-24,@pappi48,사망여우님 영상 보고 왔더니<br>다른데서는 다들 평이 안좋은 파세코 창문형에어컨을 여기서만 좋다고 하는게 수상하게 보인다,8
327,2023-07-24,@jsy9370,사망여우님이 린클회사에 대한 영상 올렸는데 문제 있을수도 있겠네요,16
328,2023-08-20,@polpride,언제 올렸나요? 못찾겠는데. .,0
329,2023-08-20,@wdrb,문제 생길듯요 비비딕 다 환불 받음요,0
330,2023-08-20,@polpride,@@wdrb 뭔소리에요. 알아듣게 말해보세요,0
331,2023-08-21,@김지웅-d4w,니가찾아보세요,0
332,2023-07-24,@너클즈디에키드나,형 ㅈ댔어 영상내려,13
333,2023-07-24,@smh8003,귀곰 믿고샀다 큰일날뻔했네 ㅋ<br>이 제품 사기업체 제품임ㅋㅋㅋ ㅅㅂ,21
334,2023-07-24,@smh8003,사망여우 비비딕편 참고하셈ㅋㅋ,1
335,2023-07-24,@HoppangMochi,소름돋음 😅,1
336,2023-07-24,@rnlqk,바바이,3
337,2023-07-24,@hoon52,해당리뷰 믿고 린클 살뻔 했습니다만 안사서 다행입니다 😂😂,14
338,2023-07-24,@shindongseok304,린클 브랜드를 갖고있는 회사 아비크(ABIC)를 사망여우가 저격했는데... 그거 보고 이 리뷰를 보니 다시보이네요...,98
339,2023-07-24,@우서-x6b,린클 회사 효과도 없는 해충퇴치기 파는 회사랑 같은 회사인데 광고라...,24
340,2023-07-28,@bsoo-l3b,잘 알아보고 얘기하세요 다른회사임,1
341,2023-07-29,@융가-o8c,"@@bsoo-l3b <br><a href=""https://www.youtube.com/watch?v=7DTpY4cMpd4"">https://youtu.be/7DTpY4cMpd4</a><br>사망여우 영상 후반부에 언급됩니다.<br>비비딕이 아비크란 회사의 브랜드이고, 비비딕 말고도 린클과 바란이 아비크의 대표 브랜드라네요.",3
342,2023-07-29,@bsoo-l3b,@@융가-o8c 삼성이나 애플 핸드폰을 사기꾼의 가게에서 메인상품으로 판다고해서 삼성이나 애플이 사기꾼회사이라고 할수있을지 모르겠네요 사망여우 영상에서 나오는 내용만 보고 그것이 모두 진실로 생각하고 얘기한다면 그야말로 우물안 개구리가 아닐수없네요,0
343,2023-07-24,@체리와인-t7n,린클 회사 대표가 사망여우에 나왔네요,51
344,2023-07-25,@손정현-i5w,린클 회사는 한미프렉시블에 김해본사고 대표가 전혀 다릅니다 ㅜㅜ,3
345,2023-07-25,@체리와인-t7n,"@@손정현-i5w <br>그런가요? 어제 린클 홈페이지 들어가보니 COMPANY - 에이치컴바인드 주식회사, CEO - 송XX이던데 사망여우에 나왔던 사람이고,<br>지금 네이버에 린클 치고 들어가보니 온라인 스토어로 들어가도록 연결해놨군요.. 하루만에 바꾼건 뭔가 문제있으니 그런것 아닐까요...",3
346,2023-08-14,@youngka1120,아 이거 뭐 어째야 되요😢,1
347,2023-07-24,@Shevevd,"냄새는 진짜 한약,멸치 냄새. 장마철에 창문 닫고 베란다 열어놓고 살았는데도 냄새는 1도 걱정 안 될 정도.",1
348,2023-07-24,@applekimm,계란 껍질도 처리 되나요?,1
349,2023-07-24,@김명웅-w7l,"냄새 안나고 바로바로 처리할 수 있는 점에서는 정말 만족합니다 ~  다만 프라임 사용중인데 교반봉이 돌아갈 때 미세하게 웅 하는 소리가 납니다. 저주파음같은 느낌인데, 자동개폐 뚜껑이 약간 얇아서 나는 거 같더라구요. 뚜껑 위에 무게가 조금 나가는 걸 올려놓으면 소리가 좀 덜한데, 새로운 신제품에서는 이런 부분이 개선 됐는지 궁금하네요.",1
350,2023-07-24,@harveyn6005,최.... 최고다...!!😮,2
351,2023-07-24,@나나비-z4b,구입한지 4~5년차되려나?<br>초창기라서 88마넌대로구입<br>말해뭐해 겁나좋음<br>그당시 이거봤을때 완전 혁명수준이라서 놀랐는데<br>이런거 나라에서 독려하고 부분지원도 해주면 좋겠다는 생각도했음,1
352,2023-07-24,@나나비-z4b,역시 난 아무나 구독을 안한다규♡♡♡♡♡,1
353,2023-07-23,@Woos90,린클 1년 넘게 너무 만족하며 쓰고있는데<br>먹다남은 팝콘을 넣었는데 정말 오랫동안 분해안되고 자잘하게 쪼개져서 한참 남아있었어요ㅜㅜ 팝콘이 기름이 많아서 그랬던걸까요 그냥 옥수수알갱이 튀긴거라 별 생각없이 버렸는데 분해가 한참동안 안되서 왜그럴까 정말 궁금했습니다😂,1
354,2023-07-23,@박영민-u5u,린클 음쓰처리기 사용1개월쯤 됐는데 두껑 열때마다 쿰쿰한 냄새 때문에 신경쓰여요.좀 심한데 해결책 있나요?,0
355,2023-07-23,@timjjh,린클로 처리한 흙? 이거 음식물 쓰랴기통에 넣어도 되는건가요???,0
356,2023-07-23,@정칠-c4s,"웰싱 음쓰처리기도 궁금함<br>양념, 기름진것도 막 넣어도 된다는데 정말 그런지..",0
357,2023-07-23,@gr8ur866,형....돈 많이 벌어서 많이 리뷰해줘 ! 부자해 그냥,1
358,2023-07-23,@khs91117,양념되있는 음식물이나 고추가루 넣어도 되나요??,0
359,2023-07-22,@bboggle1297,저도 15일정도 여행때문에 집비운적있는데 괜찮았어요,0
360,2023-07-22,@휘리릭-g2t,음이온 발생기 리뷰 부탁해요~~,0
361,2023-07-22,@돈백-m1k,저 가열분쇄식은 모델명이 뭔가요??ㅠㅠ,0
362,2023-07-22,@ultrarodin,귀곰횽 덕분에 린클 사고 삶의 질이 엄청 올라감. 특히 초파리 지옥에서 해방된게 넘 좋아. 근데 아시다시피 이 친구가 닭뼈 같은건 처리를 못하다보니 자칫 잘못하면 초파리가 좀 생김. 린클 들이기 전에 백마리쯤 나왔다면 지금은 2~3마리? 근데 또 이게 미치도록 짜증난단 말이지.. 그래서 그러는데 전기파리채나 포집기 리뷰 좀 해주면 안 될까? 린클 사기 전에도 몇개월을 고심한 결정장애라.. 쇼핑몰 뒤지다가 여름 다 지나갈 지경임.,0
363,2023-07-25,@buddythanks251,닭뼈는 일반쓰레기입니다,0
364,2023-07-26,@ultrarodin,"@@buddythanks251 네, 그래서 일반쓰레기로 버리니 초파리가 꼬인다는 이야기입니다.",0
365,2023-07-21,@Dan.A3,3년째 쓰고있고 귀곰님이 겪으신 일 모두 겪어봤는데 정말 만족합니다~ AS받으러 보내는 동안 음쓰 사용하느라 너무 귀찮았어요 ㅜㅜ,5
366,2023-07-21,@liekim3806,선생님 혹시 상한 음식을 넣어도 이상없나요??,0
367,2023-07-21,@Deer3AM,아 가격만 좀 합리적이면 살거같은데 오육십만원대정도로 나왔으면 좋겠어요 음쓰처리기도 이제 많이 발전했네요 가까운 미래에는 건조기처럼 많은 가정에서 사용할거 같습니다,0
368,2023-07-21,@메니나가리라노트리아,사실상 반려생물 키운다 생각하면 좋을듯 ㅋㅋ,0
369,2023-07-21,@YongDooDew,1세대 쓰고있는데 as도 좋고 미생물도 잘 살아있는데 3세대 땡기네요ㅎㅎ,0
370,2023-07-21,@user-sunnyNe,진짜 어떤 유튜브는 무슨 갈아버리는 음쓰처리기마냥 진짜 넣을꺼 안넣을꺼 다 넣어놓고 안좋다는 영상올리는 사람 봤는데 진짜 저런 사람은 애초에 &#39;미생물&#39;처리기 사면 안돼는 사람이 사서 고생한 스타일;;  지금  너무 잘쓰고 있는데 곰팡이 생기는건 어떻게 해야하나요?? ㅠㅠ 제습기능을 계속 켜놔야할까요?,1
371,2023-07-21,@KOf226,애초에 못버리는 음쓰가 나오면 냄새나게 따로 냅둬야해야 한다는 소린데 모든 음쓰 다 버릴 수 없으면 아직 구매는 시기상조~,1
372,2023-07-21,@cks1069,골라넣는거 자체가 겁나 귀찮은거같은데,0
373,2023-07-21,@hyejinseo7290,건조기시트 리뷰도부탁드려요ㅎ,0
374,2023-07-21,@user-rhlsjwidlg,개똥 ㅋㅋㅋ,0
375,2023-07-20,@Amy-ig7nl,린클쓰는데 넘칠때 어떻게 버리세요? 첨엔 그냥 퍼서 버렸더니 미생물이 적은건지 시커매져서 체에 걸러서 버리는데 힘들더라고요,0
376,2023-07-20,@joftv34,린클은아니고 타사재품쓰는데 산도높은건 버리지말라고 되있는데 저는 그냥쓰는편입니다 근데 저는 바나나껍질은 그냥 넣어도 분해잘된다고 느끼는바이고 키위껍데기는 한4알먹고 껍데기버렸더니 바로 빌빌대더라구요ㅜㅜ,0
377,2023-07-20,@dolphin4121,"세명식구 사는집도 음쓰 많이 나올때는 1키로 그냥 넘는데... 저것보다 싱크대에서 직접 갈아서 통에 모아 열풍건조하는 처리기가 진짜 짱이다. 다른곳으로 옮기지 않아도, 양이 아무리 많아도 처리 가능하고 바짝 다 마르면 냄새도 안난다. 명절때는 갈아서 바로 음쓰통에 버려도 물기가 다 빠져서 양도적고 깔끔하다. 당연 전기도 덜먹는다. 애키우기도 힘든데 미생물 키울 걱정 안해도 된다.",0
378,2023-07-20,@dolphin4121,광고...😂,2
379,2023-07-20,@kate_83,또 질렀드아~~~<br>귀곰님 영상보면 안살수가 읍씀!<br>삶의질을 올려준다니 써봐야지요~,0
380,2023-07-20,@billkill3055,좋은 리뷰 덕분에 쓰레기 봉투 구매가 많이 줄었습니다!,1
381,2023-07-20,@youngwoo98,처음에 관리 잘못하면 청국장 썩은냄새 납니다 하지만 이후로 잘관리하여 미생물 교환없이 잘쓰고있음,0
382,2023-07-20,@kichoyu9215,스팀에어프라이어도 귀곰님 집중적인 리뷰 부탁드려요,0
383,2023-07-20,@ahd8oqjf23dnm6v,린클은 uv램프를 교체해줄 필요 없나요? 필요하다면 교체 주기는 어느정도일까요?,0
384,2023-07-20,@ald0329-n2v,독립하고 음쓰걱정에 바로 샀는데 독립 4개월차이지만 음쓰 버려본적 당연히 없고..이걸 먹나싶은 찜닭 당면 이런거도 헹궈서 주면 다 먹어요~정말 기특한 아이임ㅇㅇ아 냄새는 진심 안나고..근데 대신 일반쓰레기는 여름인지라..과일씨앗이나 뭐 어패류같은거 들어가면 난리남..ㅠㅡㅠ 린클 냄새 걱정하지마세여..마늘빵냄시임,1
385,2023-07-20,@dmeguno,송풍기 리뷰 생각 없으신가요 ?,0
386,2023-07-19,@ga_young_mon,린클쓰고있는데 엄마집에도 한대 사드렸어요!!진짜 꿀탬ㅎㅎ 2인가구 진짜좋아요!! 짜장면 남은거 넣으면 끈적해지는데 한2일 그냥두면 다시돌아옴니당.. 우리 린클이 진짜 건강한듯...오만거 다넣어도 건강하네요ㅎㅎ,1
387,2023-07-19,@엄근용-x6g,개인적으로 쿠쿠 미생물음식물 처리기와 비교도 궁금하네요,1
388,2023-07-19,@coink4517,이거 비료로 쓰다가 곰팡이 때문에 망함,0
389,2023-07-19,@Deneb424,아......전 정말 인클 산거 후회합니다<br>저도 구매 2년이 되어가고 있습니다만...<br><br>글쎄요........전,0
390,2023-07-19,@파파쏭82,리뷰는 역시 귀곰.,0
391,2023-07-19,@ON-vv2fu,진공쌀통도 리뷰해주세요!!!,0
392,2023-07-19,@KJ0815,곰프로 밥잡쐇어?,0
393,2023-07-19,@camethor7784,넌이제부터 우리 고앵이 쓰레기통이다,0
394,2023-07-19,@Chris_Eva,링클을 고양이 똥오줌 처리용으로 쓰면 어떨까요?,0
395,2023-07-19,@엘투더이오레오,2세대 구매한 지 2주도 안 됐는데 3세대라니!!!!,0
396,2023-07-19,@Yfdhg,여러분 징그러워도 밀웜을 키워보세요 미생물 처리기 저리가라 입니다 ㅋㅋ,0
397,2023-07-19,@Applemango09876,린클이최고💚,0
398,2023-07-19,@eunsookim3301,헐 ㅠㅠ 집에 프라임을 쓰고 있고 올해 4월에 린클 대용량 제품으로 또 구매했는데 ㅠㅠ 신제품이 나오다니… 너무 아쉽네요😢 신제품 너무 좋아보인다.. ㅠㅠ,0
399,2023-07-18,@hello79,개똥이라...살까나,0
400,2023-07-18,@댄스저스트,이분 가전에 최소 진심이시넹ㅎㅎ,0
401,2023-07-18,@shy8375,고민고민하다가 이 영상보고 구입 결정.,0
402,2023-07-18,@알파-t6t,그래서 생분해비닣이든 거름망이든 잘 분리안돼서 음쓰봉투에도넣지말라하던대..,1
403,2023-07-18,@hyungjinyim2941,안방 그릴도 리뷰해 주세요!!!,0
404,2023-07-18,@Isabel-uc3bn,고양이 화장실 모래에서 캐낸 감자랑 맛동산은 모래가 붙어있어서 안되겠.....죠....???,1
405,2023-07-18,@ysoul85,저 신혼여행 2주갔다와도 린클 멀쩡했어요 ㅎㅎ 냄새는 거의 안나고 바나나껍질 수박껍질 그냥 다 때려넣는데 너무 잘자라서 큰일…ㅋㅋᩚㅋᩚㅋᩚ 근데 2인가구에 밥을 많이 안해먹어서 음식물 많이 안 넣는데 더 잘자라는거 같아요,0
406,2023-07-18,@Leehansole,그냥 미.곰. 그잡채,0
407,2023-07-18,@hissum5750,생각보다 냄새가 좀.. 납니다 집마다 다를수 잇지만 저희집은 열엇을때 한약냄새보다는 음쓰냄새에 더 가까운…,1
408,2023-07-18,@EunkyongSong-v2e,바나나껍질은 가위로 작게 잘라서 버리면 잘 분해됩니다,0
409,2023-07-18,@Miyugi.,바나나껍질이나 미역같은거<br>믹서기에 갈고 나서 넣어줘도 괜찮나요?,0
410,2023-07-18,@Uoomincheol,린클 매운음식 양념 못 넣는거 아닌가요?ㅇㅇ,0
411,2023-07-18,@장우김-i7g,아...작년에사서 너무 잘쓰고있는ㄷ......더 좋아졌다구요???ㅋㅋ그래서 사???아닙니다;;;;ㅋㅋ,1
412,2023-07-18,@Civilization_h,여전히 비싸다!!,1
413,2023-07-18,@사비르트,매운거 신거 이런건 상관없나요?,0
414,2023-07-18,@HanA_8947,처음 린클 추천해주실때 샀는데 진짜 너무너무 잘쓰고 있습니당ㅋㅋㅋ 너무 좋아요 귀곰님 고마워요!!! 딱한번 미생물 죽은적 있는데 린클측에서 사용한지 1년 살짝 덜 된거라 무료로 처리해주셔서 감사하더라구요.ㅎㅎ 저는 린클 프라임 쓰고 있어요!,6
415,2023-07-18,@nid.,고향친구들집 누나집 장인어른댁 부모님댁  지인언니집 처제집 에 다 이걸 쓰고있다는게 리뷰보다 확실한 믿음을 주네요,0
416,2023-07-18,@kyakyakyakyakyakya,음 귀곰님 영상은 평소에 잘 보다가 이번껀 조금 읭? 하네요. 광고라서 편향되어있는건 어쩔 수 없는듯 하지만요. 귀곰님 영상보고 린클 1~2년전쯤에 사서 지금까지 쓰고있는데 솔직히 집에서 밥해먹는 3~4인가구는 제대로 쓰기 힘듭니다.  하루처리가능한 양보다 음쓰 양이 더 많은게 대부분이고 그냥 신경 안쓰고 넣으면 미생물이 죽어버려 1년에 제대로 쓰는 날이 반정도는 될까 싶네요. 그리고 벌레 린클 안에서 잘 자랍니다. 흙 퍼다가 애벌레 발견하고 식겁했다가 성충으로 자라서 나오길래 안에 퇴치제 뿌리고 그랬습니다. 1~2인 가족이면 추천이지만 그 이상은 가격까지 생각하면 이도 저도 아닌 가전이라고 생각해요.,4
417,2023-07-18,@godden9599,"형님, 세탁이염방지시트들도 리뷰 가능하실까요?<br>종류가 너무 많은데 죄다 지들이 최고라고 주장하고..  검색하면 죄다 광고네요ㅜㅜ",0
418,2023-07-18,@박상도-c8b,집에 반려견 키워서 배설물 넣어봤는데 분해는 잘되는데 냄새가 장난 아닙니다<br>배설물 넣는건 비추입니다,2
419,2023-07-18,@won_table,혹시 건조기시트편도 있나요? ㅠㅠ,0
420,2023-07-18,@sunwoongsong4206,"혹시 음식물건조기는 어디 제품인지 알수 있을까요? <a href=""https://www.youtube.com/watch?v=SaoxlOeeDaU&amp;t=539"">8:59</a>",2
421,2023-07-18,@smadang01,"린클 1세대사서 2년째 쓰고있고 as도 해봤고 미생물도 죽여봤고, 귀곰님이 해본 테스트를 거의 다 겪어봤어요. <br>만족도는 정말 높아요. 단순한 기계가 아니라 생물이기에 적응하는데 시간이 좀 걸렸고 세심한 관리가 필요하긴해요.<br>4인가족 음쓰를 백퍼 처리하긴 힘들지만 음쓰버리러 나가는 횟수가 4분의1정도로 줄어든 것만으로도 매우 만족이에요.<br>최신형 보니 욕심나는데 지금까지 별다른 고장없이 잘 쓰고 있어서 바꾸지는 못하겠네요. <br>계속 신제품이 나오는 것만봐도 믿음이 가네요.",50
422,2023-07-25,@CherryThumbsUp,채널 댓글 1개,0
423,2023-08-07,@oilimm6235,달걀껍질 메추리껍질은 안없어지죠?,0
424,2023-08-07,@smadang01,@@oilimm6235 안 없어져요.,0
425,2024-01-26,@h2olily74,"@@oilimm6235 달걀껍질, 메추리껍질은 음쓰가 아닙니다",0
426,2023-07-18,@살찐꼰대,2년째 사용하는데<br>다른말 필요없음 무조건 강추,0
427,2023-07-18,@De__h,리뷰 마쳐따 미쳐따,1
428,2023-07-18,@코코아-v5g,양념부분도 하실줄 알았는데 ...,1
429,2023-07-18,@야채불합리-c8w,반려미생물하시는 분들이 은근 많네요ㅋㅋㅋ,0
430,2023-07-18,@btna0901,냄새…원룸에선 못쓰겠네요ㅠ,0
431,2023-07-18,@clemens5584,커피찌꺼기는 말려서 넣으면 됩니다. 바나나 껍질은 잘게 썰면 봉에 안걸림. 계란껍질 그냥 넣으면 됨.,1
432,2023-07-18,@risea666,좋아…2년 6개월 전에 엄마한테 구매빠꾸 먹었는데 이 영상으로 다시 사자고 이야기해야겠다,1
433,2023-07-18,@tourseny,******귀곰 제발 스탠드형 스팀다리미 좀 리뷰해줭,0
434,2023-07-18,@user-xm2ix8su1v,저는 타제품 1세대 고등학교때부터 지금 서른초반까지 넘나 잘쓰는 중,0
435,2023-07-17,@uandikk82,음쓰 처리비용 한달 2천원 내로 계산. 1년 2만4천원. 10년 24만원. 제품가격 12만원선 + 미생물 제제 하면 약5년 이상써야 본전임. 게다가 오년 더써야 12만원 이득. 몸 조금만쓰면 소량 음쓰나오는 곳은 아파트 같은곳은 걍 공동음쓰기 사용하시는게 더 나음. 주택사는분은 여기광고하는 제품사는게 이득이긴함. 왜냐? 3L 음쓰 쌓을려면 냄새며 벌레며 힘들어 다 못체우고 버려서 한달 음쓰처리비용이 거의 만원육박함.,0
436,2023-07-17,@bebechoi-c3c,바나나 미역은 잘라서 넣으면 잘돼요!!! 수박도 잘됨,0
437,2023-07-17,@jasoncho3985,항상 깔끔한 리뷰감사합니다<br>키우는데 똥손이라 걱정이되네요<br>스마트카라와의 비교분석부탁드립니다<br>둘중 하사로결정하고싶어서요ㅡㅡ스마트카라는 필터가격의압박...미생물은 재배관리의 압박이있어서요<br>장점슨 둘다좋지만단점이 극인ㄱ잇나ㅡㅡ,0
438,2023-07-17,@양보미-c1v,생분해거름망 2주째넣고 쓰고있다가 이거보고 링클이 확인해보니 완전엉켜있어서 꺼냈어요 이거안봤으면 링클이 고장날뻔했네요 생분해거름망 링클이가 소화하는것좀 링클회사에서 만들어주면좋겠어요~,3
439,2023-07-17,@stigma0225,모기나 벌레잡으면 린클에 넣습니다 ㅋㅋㅋ 단백질 보충시켜주고 저희집은 걍 바나나 짤라서 넣어요 가위닦는게 열받긴한데 초파리 꼬이는것보다 낫고 치킨먹고 닭뼈도 일단 넣고 하루만 지나면 냄새 다 없어져서 걍 린클에 넣어요 ㅋㅋ 양파껍데기 마늘껍데기 걍 넣어요 문제없어요. 파대가리더 걍 잘라서 린클에 넣어요 파뿌리가 너무 길지않음 괜찮고요 우유 한모금 남기고 오래둔거 밥한숟갈 남은거 걍 다 린클 주면 되서 개꿀입니다. 무엇보다 엘베없는 고층에 사시는 분들 여름에 물 뚝뚝 흘리며 썩은내 나는 음쓰안버려도 되서 개꿀입니다 린클하세요....,2
440,2023-07-17,@Sarabiiiii,"As가 진짜 감동임..정말 어디보여주기 창피한 음쓰섞인 죽어가는 미생이 사진까지 모자이크없이 봐주시며(심지어 먼저 자세히 찍어 보내달라하심 점심식사는 잘 하시나 모르겠음) 처음 한달정도만 애지중지 하라는대로하면 그뒤로는 그냥 다시마,뿌리류빼고 싹처리해버리는 극강미생이가돼버림 너무만족함 ㅋㅋㅋㅋ 냄새스믈스믈 난다하면 필터교체하면됨 하나도안남",4
441,2023-07-17,@bovolie222,선생님 초파리 제품도 좀 추천해주세요ㅠ 미치겠어요,0
442,2023-07-17,@Kkk-wc5qi,그냥밖에버리자,0
443,2023-07-17,@analsdnjsghkwjs,혼자 살고 요리 잘 안하는데 왤케 사고싶죠 ㅠㅠ 환경에도 좋을거같기도하고..,1
444,2023-07-17,@syk6760,그럼 이 제품은 전기세도 괜찮은 편이라는 거죠?,0
445,2023-07-17,@김태돌-t8n,자자자 미생물 분해기 저렇게 막쓰면 안됩니다   일단요  미생물 분해기   자주 비워줘야 됩니다  모터가 돌아가는데  그 모터 돌아가는<br>쇠보다 더 넘치면 바로 버려줘야 됩니다  그리고  중간중간에 모터연결된 쇠 붙이 주변으로  음식물찌꺼기가 만들어낸<br>실같은 물질들이 생겨요 그게 쇠붙이에 달라붙으면 나중에 모터가 안돌아갑니다  특히 섬유질 많은 음식물들은<br>그 섬유질들이 얽히고 설혀서 나중에 문제되여  <br><br><br>딱 2가지만 지키세요 한번에 너무 많이 집어 넣지 말라  <br>쇠붙이 이상 넘어가면 바로 비워줘야된다 그리고 쇠붙이 주변에 이물질 생긴거는 제거해야 모터 고장안난다,0
446,2023-07-17,@rusio5075,사용후기)1. 사용 13개월만에 모터가 고장남. 2.소음문제로 2번 문의함. 1번은 1년까지 무상a/s기간인데 그냥 교환해줌 2번은 미생물양 조절해주면 대부분 해결됨. 개인적으론 내구성이 좀 떨어지고 미생물을 생각보다 자주 덜어줘야함. 약간 단단해보이는 내용물이 들어가있으면 소음이발생함. 그래서 음쓰넣을때 가려서 넣어줘야함...그래도 린클써서 음쓰안버리러가고 봉투에 안담아놔도되서 너무좋음,0
447,2023-07-17,@유똥꾸-u2t,정말 린클 a/s는 칭찬할만함. 귀곰님 말대로 대기업 못지않은 서비스 대응과 친절^^ 린클 번창하시길..,18
448,2023-07-25,@CherryThumbsUp,채널 댓글 1개,1
449,2023-07-17,@niumdee,오우오우 진짜 미쳤더 이게 과학이고 사이언스고 문명이지,1
450,2023-07-17,@water9022,미생물방식 음쓰 2년차인데 너무 잘 쓰고있어요 근데 커뮤니티 댓글 보다보면 불편하다는둥 미생물 카우기가 어렵다는둥 진짜 사용해본적도 없는 사람들이 허위사실을 퍼트리고 있어서 문제;;;,4
451,2023-07-17,@ch.7229,"쿠쿠 미생물 처리기를 반년을 쓰고 있습니다.<br><br>계란 껍데기, 생선뼈, 비늘은 넣지 말라던데<br>넣어도 되긴 하더라구요.<br>문제도 없고<br><br>과일 껍질은<br>따로 잘게 잘라서 넣는지라 큰 문제는 없네요.<br><br>떡은 물에 불려서 버리면 딱딱한 잔여물 없이 처리할 수 있고<br>습도 유지해주면 불리는 과정없이 처리가 되요.",2
452,2023-07-17,@geonukim1631,귀곰님 영업하는게 아니라 음식물 처리기 쾌존 쓰고있는데 가격은 다소 비싸지만 정말 좋습니다 미생물 이것저것 다 알아보기도 했지만 미생물 신경안쓰고 쾌존만큼 편리한곳은 없는거같아요 써보니 정말 좋은거같습니다 추천드리고 싶어서 댓글 왠만하면 안적는데 이렇게 남기게되네요 수고하세요!!,2
453,2023-07-25,@CherryThumbsUp,채널 댓글 1개,1
454,2023-07-17,@김강배-n7k,문제는 전기요금 폭탄 맞아요 두달쓰고 환불 했어요 <br>광고믿고 구매 햇다가 큰코  판매자랑 생산자랑 광고내용 책임없어요 미생물해도 두달되면 냄새남<br>화분에 걸름으로 넣으면 화분 다 죽어요,3
455,2023-07-17,@water9022,냄새나는건 건조가 제대로 이뤄지지 않아서 생기는 문제고 그래서 건조 기능이 별도로 있는거임 설명서에도 다 나와있음 그리고 거름도 분명 흙과 8:2 비율로 섞어야 한다고 설명서에 나와있음 한글 모르면 그냥 쓰지마,3
456,2023-07-17,@onnaflower6888,"린클 극극 초기부터 사용 한 4년? 5년? 넘게 쓰고있는데 제 관리 부주의로 초반에 미생물 몇번 죽이고 이후론 아주아주 잘 쓰고있습니다 ㅋ as는 정말 본받을 만한 서비스 입니다. 뭔가 자꾸 덜돌아가고 딱딱 소리나서 보냈는데 초기모델이라 교반봉 플라스틱-&gt;쇠 교반봉, 버튼이 뻑뻑했는데 지금모델은 이부분 개선되었다고 버튼수리, 필터교체 등 제 문제사항 외에도 꼼꼼히 수리 해주셔서 믿음이 갔습니다. 초기모델이라 속뚜껑을 별도로 열어 옆에 둬야해서 요즘 모델로 바꾸고 싶은데 기존 기계 처리하기 애매해서 고민중이에요 ㅋㅋ",3
457,2023-07-17,@km-pp6yj,미역!<br>이 영상 보고 미생물 덜어내는데 처음으로 장갑끼고 손으로 걸러보다가 교반봉에 칭칭 감긴 무언가를 발견했습니다ㅋㅋㅋ<br>처음에는 린클 안에서 무언가가 자라고 있는 줄;;<br>자세히 보니 전에 들이부은 미역이 감겨서 무슨 식물의 뿌리마냥 질기게 건조되어 있었네염.<br>뜯어내는데 질기기가 무슨 멘드레이크의 뿌리인 줄;;<br>귀곰님 덕에 교반봉 고장날 뻔 했는데 가까스로 구했습니다😂,1
458,2023-07-17,@WindSin,개똥은 인정,0
459,2023-07-17,@_hoonkim90,아..사고싶다..ㅋㅋㅋ,0
460,2023-07-17,@Yamae.K,9월에 독립하는 1인가구라  필요할까 궁금했는데 사는쪽으로 생각해봐야겠네요..,0
461,2023-07-17,@Radish965,뚜껑 드디어개선했네,0
462,2023-07-17,@ssabullin,그냥 스트로폼 박스에 부식토에 지렁이 사다 집어넣고 음식물 물기쫙 빼서 박스에 넣으면 그게 생분해음식물 처리기다,1
463,2023-07-17,@제이-o1s,생분해 비닐 썼는데 구청에서 수거 거부당함..일반비닐보다 더 빨리 썩는 정도지 음식물이 썩는정도가 아니라더라고,0
464,2023-07-17,@qzaw12,미생물은 어떤걸 쓰는게 좋을까요?,0
465,2023-07-17,@yeonseokjeong7892,영상에서 나온 열건조 분쇄기 제품 정보 아시는 분 공유 부탁드려요!,0
466,2023-07-17,@ljljll,형님 스타일러 미러버젼 리뷰 좀 해주세요<br>어련히 올라올까 기다렸는데 아직도 없어요!!,0
467,2023-07-17,@gorilago7837,미생물 살리는방법:식빵주고 탈취제습 2일돌리셈... 미생물 너무비싸요ㅠㅠ,1
468,2023-07-17,@김현동-b9n,"샤워기 헤드, 필터도 추천해주세요!",0
469,2023-07-17,@around_joowi,아니 이걸로 첨 봤는데 아직도 이걸 리뷰를 ㅋㅋㅋㅋㅋㅋㅋㅋㅋㅋ,0
470,2023-07-17,@seongminpark3131,"작년 봄인가 여름인가 사서 1년넘게 쓰고 잇는 사람으로 <br>귀곰님 반박의견 적습니다.<br>다른의도가 있는 것은 아니며 귀곰님의 수 많은 영상중 거의 유일하게 제가 사용하는 제품과 겹쳐서 <br>다른 사용기로 적습니다.<br>참고로 지금도 잘 사용하고 있으며 다음세대 혹은 다른 버전이 있다면 계속 사서  쓰고 싶은 삶의 도구는 변함 없습니다.<br><br>1. 벌레 생깁니다<br>이게 관리의 부실인지 혹은 어떤 이유에선지 모르겠지만 생깁니다. 징그러운 큰 벌레들이 생기는게 아니라 아주 미세한 개미보다 작은 녀석(?)들이 린클 발 주변에 모이는 현상을 2회 목격했습니다. 배란다로 옮기고 나서는 조금 적은것 같으나 실내에서 쓴다면 반드시 보게 될 것 같습니다<br><br>2. 냄새<br>납니다. 아니 정확히 적자면 안날땐 진짜 안나고 날땐 꽤 많이 나서 실내에서는 못 쓸정도로 납니다. <br>이렇게 차이가 나는 이유는 투입되는 음식의 차이 혹은 미생이 상태에 따라서 다른것 같은데<br>과일 껍질등 수분이 많고 시큼한 냄새가 날 만한 것들이 들어가는 경우 한약냄새 + @로 냄새가 납니다.<br>관리를 잘 해서 미생이가 건강할 땐 거의 느낄 수 없을 정도로 납니다<br><br>3. 추가로 불편한점<br>기본으로 주는 삽이 너무 부실하여 금방 망가집니다<br>그리고 미생이를 덜어 낼때 아무래도 특별한 장치가 없다보니 주변에 흘리거나 하는 경우가 많습니다<br>떨어지는 경우 기름이라고 해야 할까요, 뭔가 기분나쁜 얼룩이 남습니다<br>물론 소화가 완전히 된 상태의 미생이라면 문제가 없겠지만<br>3~4인가족이 매일 1끼 이상 밥을 먹고 남은 것을 버린다면 미생이가 소화 속도가 잘 못 따라옵니다<br>이런것을 기계적으로 혹은 구조적으로 보완할 수 있다면 만족도가 더 커지겠습니다",3
471,2023-07-17,@junsukpark9849,혼자 쓰고 음식도 엄청 조금 나오는데 곰팡이가 타고 올라옵니다<br>문의 남기니 곰팡이 그냥 섞어 버리라는데 섞으면 잠시 사라지긴하는데 또 올라오기도 합니다 이거 계속 생길거 같은데 따로 조치해주지도 않습니다<br>딴건 다 좋은데 곰팡이 이건 영원히 같이 가야 할거 같네요. 쓴지 한달만에 생겼습니다,1
472,2023-07-17,@kcyang2950,식세기 건조기 로청에 이은 새로운 이모님 등장인가?,0
473,2023-07-17,@yoon4185,아이닉 미생물처리기도 비교해주세요~ 린클만 생각하고있다 이것저것 찾다보니 아이닉도 눈에 띄더라구요. 여긴 미생물이 더 강력하다고 하는데 디자인이 좀 그래서 망설이고 있어요. 린클보다 금지된 음식물이 훨 적어서 편하다는데 비교 부탁드려요~~,4
474,2023-07-17,@sonyou-wol3242,미생물 반려생물행 ㅋㅋ,0
475,2023-07-17,@강유나-w6o,"저두 귀곰님 리뷰 보고 구매하여 1년째 사용하고있습니다😊<br>궁금한게있는데, 미생물 흙퍼낼때 활성탄?숯? 도 같이 버리시나요?",0
476,2023-07-16,@ssr5t6y,린클 가리는거 생각보다 없고 가리는거 있어도 &#39;아ㅋㅋ 그래서 직접 들고나가서 버리실?&#39; 이랑 비교해서 생각해보면 ㅋㅋ 무조건 사는게 이익 진짜 무조건... 돈없어서 못산다? 돈모아서 사세요,2
477,2023-07-16,@Same_Days,저희집은 작년에 구매했는데 너무 전기요금이 많이나와서 결국 코드 뽑았습니다.. <br>적당량씩 넣어야하고 애초에 전원끄면 애들이 죽으니 사실상 24시간 풀작동으로 돌아가게 되는데 에어컨도 안트는 겨울철에 바로 전기세가 3만원 넘게 올라가더라고요. 이것때문인가 긴가민가했는데 다음달에 정상적으로 돌아와서..<br>그것빼고는 너무 좋았는데 이제 전기세도 올라서 더 엄두가 안나게 되어버렸음..,1
478,2023-07-16,@XXH88,리뷰 정말 좋아요!!,1
479,2023-07-16,@하늘하늘하늘이-l4z,전 다른회사제품 쓰는데 2.4kg대용량씁니다. 웬만하면 다 소화하는것 같아요. 수박도 약간 말려서 나눠넣으니 괜찮았어요. 그리고 우선 무조건 싱크대에 버립니다. 그래서 물로 짠기 매운기 제거후 버려요.  그래서 그런지 항상 괜찮습니다.,0
480,2023-07-16,@김보경-x7v,"귀곰님 오븐 컨텐츠 찍어주실 수 있나요? 가정집이고 제과를 해보고 싶은데, 가장 중요한 오븐이 없어서 늘 해보는게 꿈이였어요.. &#39;가성비&#39; 좋고 가정집에 맞게 &#39;작은&#39; 오븐으로 가능하면 리뷰 해주세요!! 늘 잘 챙겨보고 있습니다!!☺️❤",0
481,2023-07-16,@rusell4000,식빵 미생물 주려면 저 주세요..ㅇ,0
482,2023-07-16,@황유진-h4i,린클 처음 나왔을때부터 썼는데요 진짜 린클은 혁명이에요....... 미생물 몇달정도만 보듬어주면 그 후부턴 정말 짱쎈미생물이 됩니다! 전 이거 1가정 1린클 해줘야한다고 생각해요:),2
483,2023-07-16,@바캉스-o3y,생분해 그물같은 거름망 넣었다가 다죽고 일주일간 회복시킴...,0
484,2023-07-16,@yl9251,린클 1세대부터 2세대까지 5년동안 쓴 사용자인데 바나나껍질은 칼로 3~4등분 정도 내서 넣어주면 잘 분해합니다 가끔 그냥 넣어도 저희집 미생물애ㅋㅋ는 분해 잘 하기도 해요. 1세대 린클을 다용도실에 두고 썼는데 겨울 되면 온도 차 때문에 밑에 물이 생기곤 해서 2세대 린클은 겨울엔 방 안에 두고 썼어요 1년 반쯤 되던 해 겨울에 방에서 냄새가 나길래 필터를 갈아줬더니 그 후론 냄새 없이 잘 쓰고 있습니다 2세대 뚜껑이 귀곰님 말씀처럼 불편한데 3세대가 탐이 나네요ㅋㅋㅋ,0
485,2023-07-16,@박요요YO-YOPark,2년째 쓰는중 한번도 미생물안갈음 거의 가시기직전(수박껍질 많이넣어서)으로 갔었는데 3~5일정도 사용안하니 살아남음!,0
486,2023-07-16,@seosungwon,님 덕분에 린클 사서 2년 쓰고 주변 추천해서 지인 2명이나 샀으니 책임지세요 ㅋㅋ,0
487,2023-07-16,@yj-wt2zc,요새 고민중인데.. 역시 린클인가 싶네요..ㅎ,0
488,2023-07-16,@I-noname-Yo,공구 추진해 주세요!!! 😊😊😊!!!!,1
489,2023-07-16,@영앤리치-r2c,린클 1세대 1년 3개월째 쓰고 있는데 쥰내 편한건 맞음ㅋ <br>생일선물로 받았는데 당시 아내가 이런걸 생일선물로 줘도 되는거냐고 걱정?을 해줬지만 결과적으로 대만족임ㅋㅋ<br>다만 1세대는 교반봉 고장이 1년쯤 지나면 한번쯤은 꼭 옴<br>그리고 제습과 냄세제거를 하는 부분이 고무호스 같은것으로 이어져 있는데 이게 배송중에 빠지는 경우가 있다. <br>이 경우 제습도 안되고 갑자기 냄새가 많이 난다. <br>이유없이 미생물이 질척하고 뚜껑에 물방울이 맺히고 냄새가 난다면 꼭 확인해야함. <br>1세대 안살거면 아무 상관없음,1
490,2023-07-16,@알빠노-h7j,냄새 나요.. 구수한 냄새를 넘어.. 청국장 냄새인듯... 음쓰냄새보단 낫죠,0
491,2023-07-16,@태다린,린클 2년째 사용중! 귀곰님 말 다공감입니다!!  다만 원룸사는 분은 환기가 안되면 온집에 냄새나니 꼭 베란다 있는 집에서 사용하길 추천!! 그래서 저도 동생집에 내 미생이 임보 보냈어요ㅜ 미생이 잘 있니? 곧 데리러 갈게,3
492,2023-07-25,@CherryThumbsUp,1,1
493,2023-07-16,@freesj8011,음식물 처리기가 아닌 미생물 키우는데 초점이 맞춰진 느낌 ㅋㅋㅋㅋ,0
494,2023-07-16,@하삼색착개,"귀곰님 리뷰보고 린클프라임 바로 질러버렸던 자취러입니다. 지금 거의 1년 가까이 사용하고 있어요.<br>영상에 나오는 싱크대 하수구에 씌우는 음식물 거름망이 저런 비닐형말고 망사형으로 된것도 있는데(ex. 애기쓰봉) 절대 린클에 넣지 마세요ㅠㅠ.... 그냥 따로 음식물쓰레기통으로 버리셔야 해요. 영상처럼 교반봉에 엉켜서 손으로 뜯어내는데 고생 좀 했습니다. 이거 말고는 단점이 없어요. 영상에 나온 문제점들(폭식, 넣어서는 안될 음식을 넣은 경우 등)은 귀곰님이 설명을 너무 잘해주셨네요. 딱 영상속 리뷰들과 똑같은 점이 살짝 불편하지만 그래도 린클 들이고나서 삶의 질이 엄청 상승했습니다.. 섬유질음식 소화 못하는것도 혼자사는집이라 그렇게 많이 나오지 않아서 크게 불편한점은 없어용. 꼭.. 린클사세요..! 린클 유투브도 있는데 거기에 아주 다양한 상황에 대한 자세한 답변, 설명이 있으니 그것도 보시구..! 강추입니다.",12
495,2023-07-16,@anniekim5384,정말 이렇게 꼼꼼한 리뷰가 있을까 싶어요^^❤❤❤,6
496,2023-07-16,@nangha2012,무섭다 ㅋㅋㅋㅋ,0
497,2023-07-16,@tedmartin1494,귀곰으로 이행시 지어보겠습니다.<br><br>귀: 귀머거리야? 내가 몇번을 말하냐?<br><br><br><br><br><br>곰: 곰팡이 넣으면 린클은 더 좋아한다고...,2
498,2023-07-16,@cat_ggyu,저 초창기 펀딩 해서부터 린클 사용하고 있고 미생물 죽어가는거 식빵이랑 쌀밥 넣어가며 살려서 다시 쓰면서 한번도 미생물 교체 안하고 사용중이에요<br>거의 4년째 잘 사용중입니다.<br>린클 진짜 추천이에요 물론 미생물 죽을 때의 그 냄새는 정말 최악이지만 관리만 잘하면 이거만큼 편한게 없네요<br>저희 엄마는 많아진 흙을 밭으로 옮겨서 썩은 채소 등 위에 야외에서 뿌려두는데 일주일만 지나도 분해 다돼서 흙으로 바뀌어 있다고 저보다 더 린클 잘 활용중이세여! <br>귀곰님 리뷰에 린클 나왔길래 반가워 댓글 달아봐용 😅,8
499,2023-07-16,@랩모니,바나나껍질이나 미역은 가위로 쪼살라서 버리면 엉킬일 거의 없어요<br>저도 귀곰님 영상보고 린클사서 쓰고있어서 꽤 오래썼는데 고장난적 한번없고<br>완전 상한음쓰 그냥 때려박으면 냄세나는데 물에 헹궈서 버리면 냄세 거의 안나요<br>미생물 상태 안좋아지면 일주일정도 아무것도 안넣고 그냥 냅두면 다시 상태돌아오니까 그동안 음쓰를 냉동실에 모아뒀다<br>상태돌아오면 냉장실로 옮겨서 해동시켜 버리고 그랬어요 <br>조금 귀찮은면이 없지않지만...음쓰통에 스티커붙여 버리는것보다 역한것도 훨씬 덜하고 벌레도 안생기고...<br>린클쓰고 날파리 현저히 줄었음...여름에 음쓰버리는게 진짜 역하고 고민이었고 차갑게 보관해주는거 열기로 말려주는거<br>여러가지 써봤지만 둘다 차갑게보관해주는건 그냥 냉장고에 넣는게 차라리 나았고 곰팡이도 잘생김<br>말려주는건 필터관리 조금 소홀하면 냄세가 말도못하고...일반쓰레기로 못버림....미생물 분해가 짱이었다<br>이걸 알게해준 귀곰님께 감사드림,1
500,2023-07-16,@samli5466,비싸도 좋으니까 열처리랑 미생물같이 있는 복합처리기가 나왔으면 ㅠㅠㅠ,19
501,2023-07-16,@포포-i2u,"저도 쓰고 있는데 린클 진짜 강추. 한번 교반봉 고장으로 as도 받아봤는데, 영상처럼 박스 보내주시고 정말 친절함<br>1가구 1린클 해야합니다<br>지자체에 따라 음식물 처리기 구입비 지원하는 사업도 있으니 구매 전 확인하세요!",3
502,2023-07-16,@EWU-oh7im,귀곰이 광고받기전 리뷰해서 나도 2년넘게 썻는데 클린하우스 운영하는 제주도에서는 진짜 필수다..아파트단지안에 쓰레기버리는거 없는거 상상도 못햇다...,10
503,2023-07-16,@choheekang5917,저도 제주인데 완전 공감이요 다 사세요 신혼필수가전,0
504,2023-11-07,@OneHope777,저도 제주 아라동민인데 고민중입니다..    구입후 전기세 많이 나오지 않을까 걱정입니다.,0
505,2023-11-07,@OneHope777,제주에서도 정부지원금 받을 수 있나요?,0
506,2023-11-12,@yk-uf2ty,@@OneHope777 누진안붙는 기준으로 월 2~3천원 생각하시면 됩니다,0
507,2023-07-16,@lililliil,와 고양이삽 사러갑니다,0
508,2023-07-16,@Honeyjamong2,1세대 3년째 쓰고 있어요~~~ 고장은 난 적없고  처음 키운 미생물로 지금까지 쓰고 있어요. 개인적으로 린클 추천합니다 😊 뚜껑 열었을때 쪼오금 냄새는 있지만 음쓰 냄새가 아니라 괜찮아요! 저는 용량 큰거 쓰는데 수박껍질 김치통 씻을때 심하게 많이 나오는 고춧가루찌꺼기 이런거 빼고는 잘 처리 해주는 것 같아요.  물기를 최대한 빼고 버리고 질기거나 과일 껍질은 따로 버려주는 정도의 관리를 하면 고장 안나요^^,6
509,2023-07-16,@oin_19,재밌게 잘 봤습니다. 되게 신기하네요.,0
510,2023-07-16,@다이브마스타,가열분쇄식인 카라사용중인데 비교도보고싶어요,0
511,2023-07-16,@Y윤-w6k,보니까 사고 싶어집니다,1
512,2023-07-16,@samueljung2165,생분해 비닐은 지열지대가 아니라면 절대 자연환경 에서는 분해되지 않습니다. 대부분 60~70도 이상이 최소 2주 연속으로 유지되는 환경이어야 하죠. 또한 제작과정 때문에 오히려 비닐봉투보다 환경에 좋지 않아요.,4
513,2023-07-16,@초록이-y1w,본가 사드렸는데 처음에는 쓸데없이 이런데 돈을 왜 쓰냐고  타박하셨던 부모님이 이제 만족도 120%사용하시고 계심. 돈 쓴 보람이 나더라고요 ㅎㅎ,8
514,2024-09-05,@seungsunjeong6488,저랑 똑같네요 ㅎㅎㅎ,0
515,2023-07-16,@yoon5201,정말 잘 봤습니다.,0
516,2023-07-16,@crowleykr,그걸 왜 넣어!!,0
517,2023-07-16,@pensionlottery,허팝실험실 생각나네,0
518,2023-07-16,@silminililni,이건 그냥 반려미생물 브이로그네,0
519,2023-07-16,@리리-w9d,여기 AS가 좋은 이유가 비싸고 잔고장이 심해서 어쩔수없이 좋아진 느낌?,2
520,2023-07-16,@happyjgl2126,가려서 넣어야하는게 은근 많으니 귀찮네요<br>차라리 1차적으로 열분해해서<br>2차로 미생분해하도록<br>자동시스템 만들면 더좋을것같은데,0
521,2023-07-16,@lil_Queitt,쓰고 계신 가열분쇄기 제품명 좀 알수 있를까요? 린클 몇일전에 구매했는데 아예 같이 구매해서 병행 시켜버리고 싶네요ㅋㅋ,1
522,2023-07-20,@dolphin4121,병행하실거면 싱크대 설치용으로 알아보세요! 싱크대설치용이 개인적으로 너무 편했습니다.(물에 흘러 버리는거 말고요),0
523,2023-07-16,@워니혀니-t6x,린클프라임 쓰는데(귀곰님 영상보고 구매한..ㅋㅋ) 1년 정도되니 음식물썩은내같은 냄새가 나길래 찾아보니까 필터에서 나는 냄새라 교체했어요~!,0
524,2023-07-16,@보거스-j1w,린클은 아니지만 신혼가전중 가장 만족스럽고 후회안하는 가전은 미생물 음식물처리기입니다~ㅎ 특히 아파트 사시는분들이라면 강추합니다 ㅋㅋ,3
525,2023-07-16,@ibm-eb1wz,음??나는 바나나 하루 3개4개까진 잘먹던데 넣으면 안되는거였구나,0
526,2023-07-16,@휘파파-h4q,"덕분에 와잎에게 공유 보냅니다. <br>작년부터 말했는데, 데이터가 있어서!이제!푸쉬를!할!수!있!음!<br>귀곰은 사랑임다!&lt;3",1
527,2023-07-16,@tchinom,지금 구매합니다.,0
528,2023-07-16,@sjsh0508,매번 귀곰님 영상 너무 잘보고 있어요 제가 사야할 물건이 있으면 귀곰님 영상부터 찾아보고 참고하여 산답니다~~^^ 근데 인덕션 비교 영상이 없어서 조심스레 건의해봐요 ㅎ 인덕션도 회사가 다양하고 제품마다 전기효율도 다르고 가격대 천차만별이라 고르기가 쉽지 않잖아요 근데 유튜브에 찾아보면 기본적인 리뷰들만 있지 귀곰님처럼 적나라한 리뷰는 없더라고요 인덕션 리뷰하시면 분명 조회수 만땅일것같아요 😂😂😂 인덕션 리뷰해주세욤~~🙏🏻🙏🏻🙏🏻🙏🏻🙏🏻🙏🏻🙏🏻🙏🏻🙏🏻🙏🏻🙏🏻🙏🏻🙏🏻🙏🏻🙏🏻🙏🏻🙏🏻🙏🏻🙏🏻🙏🏻,3
529,2023-07-16,@yololol2730,린클최대단점은 쓰다보면 저 교반봉이 돌아가면서 끽끽소리가나는것...,2
530,2023-07-16,@shine_hjy,저는 과일 껍데기 미역등등은 가위로 몇번 잘라 넣어서 한번도 문제 없었어요,0
531,2023-07-16,@Today_tommorrow,하 이런 정성을 보이면 귀곰님 링크로만 음식물쓰레기분해기구매해야겠습니다,1
532,2023-07-16,@배드로봇,뚜껑열리고 8초정도 지나면 손이있어도 그냥닫아버리고<br>뚜껑열리는 센서가 너무민감해서 지나가더라도 열려요ㅜㅜ,1
533,2023-07-16,@공주우주꽁냥꽁냥,저도 1인가구인데 린클진짜 잘써요 ㅠㅠ냄새 안나요~~ 짱죻요❤❤,0
534,2023-07-16,@yotsba,린클 에이에스 진짜 불편해요. 한번 고장나면 접수하고 수거  수리하고 받기까지 몇주나 걸리는지 몰라요. 애지중지 살살 다뤘는데도 고장이 여러번 나서 엄청 고생했어요. 친절하긴 하지만 에이에스 힘듭니다. 수리기사님이 절실히 필요해요. 그리고 좀 튼튼하게 만들어주세요. 또 고장날까봐 노심초사 하면서 사용중입니다.,1
535,2023-07-16,@하하하좋아요,두꺼운닭뼈정도만 빼고 나머지는 헹궈서 가위로 숭덩숭덩 잘라서 넣으면서 쓰는데 문제없이 2년넘게쓰고있어요 마저 분해되지못한건 퍼버리면되니까 별 신경안쓰게되더라고요<br>그리고 그동안 필터도 안갈았는데 우리껀 냄새도안나요 .뽑기를 잘해나봄ㅋ<br>내인생 최고의 가전❤,1
536,2023-07-16,@MrDalzze,음 근대 바나나랑 수박껍데기는 좀 큰데?,0
537,2023-07-16,@baedal4979,귀곰님 요즘 에어컨도 써야하고 하는데 고용량 멀티탭 종류들 리뷰가능할까요?,0
538,2023-07-16,@illliliiiliilil,잔반은 적은데 야채나 과일 껍질 위주로 음쓰 나오는 집은 비추... 가리는게 많아서 차리리 분쇄식 사는게 나았을거 같음. 후회됨ㅠ 글구 겉에선 거의 냄새 안나지만 뚜껑 열면 냄새남. 뭘 넣냐에따라 다르겠지만 나는 구수하지않고 역한건 아닌데 맡기 싫은..냄새남. 향이 진해서 한번 열면 환기 필수ㅠ 그래도 음쓰 냄새보다는 백만배 나은 냄새라 ㅇㅈ,2
539,2023-07-16,@혼자사는만두,혹시 린클 사용자님들 바닥에서 물이 새는 경우 있으신 분들 있으신가요??,0
540,2023-07-16,@blair810,옥수수대나 넣으면 어떻게되나요?,0
541,2023-07-15,@hing.hingu.,광고 영상이지만 진짜 대단한 리뷰네요. 살까말까 고민하고 있었는데 좀 비싸더라도 그래비티로 사야겠어요.,6
542,2023-07-15,@yena_archive,"와... 미역이랑 바나나껍질이 위험하구나;;; 와이프 애기낳고나서 한달넘게 미역국 매일버리고, 요새는 바나나껍질을 매일 버리는데... 위험한 짓이었네.<br>방금도 바나나껍질 버리면서 이 리뷰 켰음ㅋㅋ 우리집 미생이들아 미안하다ㅜㅜ 어떻게 버텼니..",0
543,2023-07-15,@댕댕이-l1j,수박껍질은 분해안되던데;;,0
544,2023-07-15,@lkjhpoiu5701,기고미가  중독성이  있지,0
545,2023-07-15,@이용주-r3d,"<a href=""https://www.youtube.com/watch?v=SaoxlOeeDaU&amp;t=588"">9:48</a>  응가 분해. 엌ㅋㅋㅋㅋ<br>궁금증 해결 ㅋㅋㅋㅋㅋㅋ<br>고생하셨습니다. 역시 리뷰광 귀곰 😂👍👍",0
546,2023-07-15,@블루밍-l4g,그냥 봉투 가지고 한번 내려가야것다...,0
547,2023-07-15,@jihey4860,진짜  귀신  곰  !!! 귀곰  !!! 귀곰님  의 집착으로  이런  결과들을 ㅋㅋㅋ,2
548,2023-07-15,@kkaengA,올초에샀는데..신제품소식을몰랐써서..아쉽ㅜㅜ,0
549,2023-07-15,@soulessing,"린클이라는 거 처음본거라 에이 별로 활용도 없겠는데? 하면서 쭉보다가 음식물 쓰레기통 열필요 없다는 부분(<a href=""https://www.youtube.com/watch?v=SaoxlOeeDaU&amp;t=860"">14:20</a>) 보니까 이게 대박이라는걸 깨달았다",1
550,2023-07-15,@료블리가즈아,수박껍질 손가락 정도로 잘라서 넣으면 잘됩니다.,0
551,2023-07-15,@강미경-m3u,번거롭지만 수박껍질 초록부분 얇게저며 버리고 <br>나머지는 작게 잘라 린클이에게...<br>이정도 수고로움을 감수하고라도 린클이는 <br>정말 소중합니다.<br>칭찬해 린클이~~~,2
552,2023-07-15,@chancethe9374,음쓰 처리기 리뷰 끝판왕.......ㄷㄷㄷㄷㄷㄷㄷ,1
553,2023-07-15,@shinjaelee9666,사서 꽤 만족하지만 전기를 생각보다 꽤 많이 먹는게 단점인듯 합니다. ㅠ,2
554,2023-07-15,@곽두팔-h9s,수박껍데기나 과일껍데기들 조금 귀찮더라도 잘게 썰어주니까 다음날 문제없이 분해됐더라구요 (2인 가정에서 먹은 기준입니다),10
555,2023-07-15,@얼음장사,"as 두번 겪은 사람으로써 린클 as는 진짜 삼성급입니다. 부모님이 과일 껍데기 너무 과하게 넣었다가 모터가 아작나서 미생물들 골로갔었는데 박스 보내주신거에 한번 놀라고 고쳐서 보내주시는 속도에 한번 더 놀랬습니다. 키보드, 마우스부터 소형 냉장고등등 중소기업 제품 나름 많이 써보면서 as도 꽤 보내봤는데 린클 같은 브랜드 처음이에요. 주변에서 음쓰처리기 어떠냐고 물어보면 as 언급하면서 무조건 린클 추천합니다.",72
556,2023-07-20,@user-lo7ns7dj1e,"A/S 삼성급 인정<br>미생물방식 처리기 판매하는 회사 많고 다른회사껀 안써봤지만 성능은 비슷할지라도,<br>린클이 A/S가 넘사벽이라 지인한테 추천할땐 무조건 린클로 추천함👍🏻",5
557,2023-09-05,@호랑이-j2o,저도 이건 인정이요 중간에 한번 문제있는거같아 보냈더니 그대로 교환해주시는거에 감동했음,1
558,2023-09-17,@NaNa-m1g7n,전 심지어 바디케이스까지 새걸루 교체해주셨어용..2년쯤쓴!,0
559,2023-07-15,@Linda123iii88,진공포장기도 리뷰해주세요😢,0
560,2023-07-15,@mycatstar1206,고양이응가가 고단백인데 잘 될까 ㅎㅎ 두부모래나 카사바쓰는사람은 괜찮으려나,0
561,2023-07-15,@까푸,가열분쇄기?는 어디껀가요,0
562,2023-07-16,@qqu5312,"sk매직 제품같아요~!<br>저도 쓰고있는데. 진~~~~짜 만족도 최고의 가전이라고 생각해요.ㅎㅎ<br><br>다만 배수가 되야해서 싱크대 올리고 쓸경우, 싱크대 타공이 필요한제품입니다~!<br><br>귀곰님 작년8월 영상에 리뷰있어용~!",0
563,2023-07-15,@불타는청춘-h6h,싱크대에 설치하는 3세대형 음쓰처리기도 리뷰해주세요! 분쇄식+미생물식 합친 버전이라는데 홈쇼핑에서 백만원 넘어서 고민하다가 린클 샀거든요. 근데 간편하기로 따지면 그게 넘사일것 같아서요,2
564,2023-07-16,@쏘쏭냥,이거 정말 최악...저희집 그거쓰다 린클로 갈아타고 광명찾았습니다ㅠㅠ 일단 분쇄소음이  크고 하수구에 미생물통이 연결된형태라 미생물통에 이상이 생기면 아예 하수구가 안내려가는 끔찍한 사태까지 발생했었어요...ㅠㅠ 그리고 분쇄시 섬유질이 엉키는데 빼는것도 너무 힘들고 1년 꾸역꾸역참고쓰다 린클로 넘어왔습니당,5
565,2023-07-15,@hut0301,난 1세대 쓰는대  벌써 3세대인가 ㅠㅠ,0
566,2023-07-15,@동동이맘,자이꺼는 어때요?,0
567,2023-07-15,@masksx1,떡을 잘 못먹는다고요??? 음 얼마전에 냉동실에 얼어있던 떡 넣어봤는데 굉장히 잘 사라져있던데요.... 떡 종류가 달라서인가....  백설기랑 찰떡 가래떡 넣어봤습니다.,0
568,2023-07-15,@swk7015,1.5배,0
569,2023-07-15,@hampaaas,끼익 끼익 소음 너무 심해서 못쓰겠음.<br>AS 도 한두번이지 너무 귀찮고 신경쓰임.,1
570,2023-07-15,@hihihi3482,수분이 계속 안없어져서 계속 가해에 하얀 곰팜이가 피면 어쩌죠,0
571,2023-07-15,@byungjinkim93,벌레는 음쓰 존재하며 나오는 날파리가 린클 쓴 이후로 주방에서 오히려 없어졌습니다. ㄹㅇ 이거 하나만으로도 린클 잘산거같음<br>그리고 쓰면서 생긴 노하우가 바나나 껍질같이 섬유질 있는건 가위로 조각조각내서 넣으면 교반봉에 엉기지 않고(길면 실처럼 엉김)<br>수박껍질은 다 먹고 남은거 믹서기로 갈아버린다음에 체에받혀서 물기 빼고 갈아버린 건더기 넣으면 분해 잘 합니다.<br>섬유질을 버릴때는 1cm 이하로 조각조각내는게 포인트에요 ㅎㅎ 원래 버리면 안되지만 버리실꺼면 참고하세요,1
572,2023-07-15,@듀란-h8o,내년초에 내집마련해서  이사갈때 꼭 살려고 계획한 1순위 가전! 언능 사고싶어요 ㅋㅋㅋ,0
573,2023-07-15,@서성철-u1q,그래서 가열 분쇄기는 어떤 제품인가요...?,2
574,2023-07-15,@레리안디,왜 제가 사려고 생각하고 있으면 리뷰가 올라오죠 ㅋㅋ❤ 잘볼게요~,1
575,2023-07-15,@niseungshin4926,린클 2년 사용자로써  근래에 소음관련해서 AS  받았는데 너무 만족 합니다. 포장박스 보내주는거 보고 한번 놀라고 AS 후 내부청소 및 새로운 미생물도 약간 넣어서 보내줘서 감동 이였습니다,79
576,2023-07-15,@Aya-jl9wi,린클 대대대대대만족 하면서 쓰고 있는 2인가구입니다 ㅋㅋㅋ 한가지 경험담 드리자면 린클이 생라면은 분해를 못합니다!!! 사람 먹는 건데 먹겠거니 하고 유통기한 지난 라면 처리할 겸 한번 넣어줬다가 영원히 사라지지않는 라면쪼가리들을 보고있어요.. 고장나거나 분해력이 줄지는 않았습니다. 그 후로믄 라면 버릴 때 면만 삶아서 넣어주는.. 그래도 대만족!!,8
577,2023-07-15,@cit1004,린클 쓰다가 별장 마련하면서 음식물 분쇄기를 새로설치했는데<br>엄청불편해서 결국은 철거하고 린클 다시 삼.. <br>린클 두개쓰면서 한쪽집에는 2~3주마다 가는데 그만큼 비워놔도 잘작동함<br>린클 짱<br>제일 아쉬운게 3세대나오기전에 샀다는거...,0
578,2023-07-15,@hayu812,냄새는 안납니다 3년동안 썼고<br>벌레안생김<br>미생물은 안죽으면 계속써도됨<br>한달에 한번은 채망에 걸러 잔여물 걸러서 버려주면 됨<br><br>지금 sk음쓰기랑 같이 쓴데 퍼팩트함<br><br>근데 미생물 관리가 참 까다로워<br>죽을때가 있음,1
579,2023-07-15,@towersky5571,음쓰처리기 브랜드 비교 분석 해주시면 좋겠습니다!,1
580,2023-07-15,@user-sweety-0131,미생이 약 7개월간 사용중인 2인 가구입니다. 긴말 필요없습니다. 미생이는 제 인생 최고의 가전입니다. 더운 여름날 음쓰통에 가지않게 해주는 것! 그 하나만으로도 그 가격이 납득이 됩니다. 2세대 린클프라임 사용중인데 3세대가 나왔다니 쓸데없이 기변 뽐뿌오네요,2
581,2023-07-15,@TwinHead108,1세대 린클 3년넘게 쓰는 중인데... 필터 가는거였어요?? 몰랐네욬ㅋㅋㅋㅋㅋㅋㅋㅋ 그냥 냄새 좀 나면 활성탄 사다 넣어줬는데 ㅋㅋㅋㅋ,1
582,2023-07-15,@한주민-h1s,사람들 참. 개수대 음쓰는 그냥 좀 갖다버려라. 거기서도 무슨 비닐을 쓰냐? 갖다버리고 가끔 닦으면 되잖아. 환경 생각은 1도 안 하네.,0
583,2023-07-15,@펀드-m8g,이거 냄새 무조건 납니다 ㅋㅋㅋㅋ 거슬리는  수준이라고함,0
584,2023-07-15,@user-sweety-0131,카더라말고 써보고 말씀하세요,1
585,2023-07-15,@펀드-m8g,@@user-sweety-0131 저는 분쇄형식 쓰고있고 지인이 이거쓰는데 냄새나서 바꾸신다해서 한얘기에요~ 쓴지는 이제 4개월정도됨,0
586,2023-07-15,@vfrtgyuhv33,사용환경에따른차가 있나봐요 집집마다 식습관 엄청 차이납니다,0
587,2023-07-15,@give_me_seaweed,영상에 나오는 오디오들 리뷰도 궁금합니다!,0
588,2023-07-15,@youmean5835,난 왜 이 채널이 100만이 안넘어 가는지 궁금하다.........,7
589,2023-07-15,@user-v6skghw2s,3세대는 자동 문열림 몇초인가요?<br>프라임 쓰고 있는데 다른거 전부 너무 만족인데 문열림 시간이 5초 밖에 안되는게 딱 하나 아쉽네요..<br>맨날 5초 넘어가서 손등으로 문 닫히는거 막으면서 쓰레기 버림ㅠㅠ,1
590,2023-07-15,@하늘호수-l7u,혹시 이거 고양이 화장실로 써도 될까요?,0
591,2023-07-15,@keunwooksong4616,1년넘게쓰고있습니다. 바나나랑 미역은 가위로 잘라서 넣으면 다 분해됩니다.,0
592,2023-07-15,@jjpark8170,아~ 새걸로 바꾸고 싶다~ 새제품 받으신거 부럽네요~,0
593,2023-07-15,@golddang_e,진심 존경 합니다. 와어,1
594,2023-07-15,@비즈블로,as관련해서 하나 추가 하자면 as 배송 받으면 새것 처럼 청소 되어있고 안에 미생물도 새것으로 교체해주십니다. 정말 맘에 들어요,8
595,2023-07-15,@cumbara4595,"귀곰님 리뷰 나오기 전에 사긴했는데, 작년 음쓰처리기 비용 지원하던 때 구청에서 30만원 지원받고 린클 프라임 2년차 사용자인데, 수박껍질 처리가 난감한거 말고는, 정말 대만족입니다. 여름에 음쓰봉투안에서 음쓰에서 발생하는 악취나는 물들과, ㄱ곰팡이, 초파리...그 봉투들고 엘베타고 내려가야하는 그 모든 곤욕을 해결해준 고마운 제품이네요.<br><br>그나저나, 신제품 kg, 시간 나오는건 정말 좋네요. 그리고 고양이 똥 걸러내는 그 삽 있는것도!!<br>저는 한 번씩 비울 때 요리용 채에 걸러서 큰 것만 골라내서 버리는데, 저걸 활용해볼 생각을 왜 못했을까요 ^^ ㅋ 린클 직원들 기발한 아이디어를 만들었네요. 저도 당장 고양이삽 사야겠네요 ㅎㅎ",28
596,2023-10-10,@dayapeaceful4193,😊,0
597,2023-07-15,@hyunnakim,혹시 가열분쇄식은 어떤 제품쓰시나요??!,0
598,2023-07-16,@qqu5312,"sk매직 제품같아요~!<br>저도 쓰고있는데. 진~~~~짜 만족도 최고의 가전이라고 생각해요.ㅎㅎ<br><br>다만 배수가 되야해서 싱크대 올리고 쓸경우, 싱크대 타공이 필요한제품입니다~!",0
599,2023-07-15,@soybb,아직 AS 보낼 일은 없었지만 사용 초기에 단순 문의가 많았는데 카톡 고객센터 답변 진짜 빨라요!,0
600,2023-07-15,@jiyoungwee6032,"바나나,수박 껍질…뭐든 섬유질을 짧게 자른다는 느낌으로 잘라서 넣으면 잘 분해합니다. 수박껍질은 냉장보관하면서 두세번에 나눠서 넣으면 다 분해해요.",0
601,2023-07-15,@신선경-r4x,김치같은 매운음식은 씻어서 넣어야겠조?,0
602,2023-07-15,@crucian6698,대단한 리뷰....,1
603,2023-07-15,@유기농-u4t,"린클 1년이상 사용중인데 진짜 집에서 음식 잘 안해드시는 분들은 음식물이 많이 안나와서 린클이 유용하지만, 저희는 집에서 항상 음식을 만들어 먹는 경우가 많고 과일도 많이 먹기 때문에 린클이 참 불편하더라구요~음식물 버릴 때 종류 가리는 것도 많고 양이 조금만 많아도 미생물이 검게 변해서 습해지고 떡짐....그리고 미생물 리필은 왜캐 비싼거임...미생물이 이렇게 비싼줄 몰랐음....그냥 냄새가 조금 나더라도 열풍건조 방식의 음식물 처리기 살 걸 후회합니다. ㅜㅜ ㅋ",0
604,2023-07-15,@love4saiyuki,사고싶어지네요 ㅎㅎㅎ 사야할 물건 목록에 적어놔야겠어요 ❤,1
605,2023-07-15,@seonyeongpark8783,대단한 리뷰다...🎉,1
606,2023-07-15,@romings,"AS 부분 진짜 특히 공감합니다.<br>저도 음쓰 과하게 넣고 교반봉 고장 난적있는데, 신속한대응+박스보내주고+문앞바로수거 까지.. 진짜너무 감동받아서 이회사에서 파는 다른 제품없나 찾아봤을정도예요. 초파리로 부터 자유로운 여름. 음쓰적게나오는 1~2인가구에게는 정말 필템입니다.",26
607,2023-07-15,@이룰-n4w,"전 사용하다보면 가스냄새 같은게 필터를 정확히 6개월마다 교환하는데요, 다들 댓글보면 교환안한다고하는데 제가 특별히 많이 넣는것도 아닌데 대체 이유가 뭔지모르겠네요",0
608,2023-07-15,@션션1821,와 이정도면 광고비 따따블로 받아야 하는거 아닌교~ㅋㅋ,0
609,2023-07-15,@파프리카파우더,1세대 린클 사용하고 있는데 3세대 탐나네요ㅎㅎ 보상판매 계획은 없겠쥬?😂,0
610,2023-07-15,@러뷰펭-e7v,아직 신제품은 인증취득 전이라 지자체 보조금 지원안되는것 같아요.. 기다렸다 사야겠어요~~,0
611,2023-07-15,@nacoha2901,바나나 수박 좀 번거로워도 바나나껍질을 가위로잘라서. 수박은 칼로 잘게 잘라서 넣으면 문제없다ㅎ 입자가 줄면 처리다잘함,0
612,2023-07-15,@user-dcdgt4vl4b,미생물 처리기 아직도 안 쓰는 사람은 그냥 인생 손해보는 거임 내가 살면서 산 것중 제일 만족스러운 가전제품이 미생물처리기,3
613,2023-07-15,@LiquefiedStone,악질구독자 개많네 ㅋㅋㅋㅋㅋㅋㅋㅋㅋㅋ,0
614,2023-07-15,@ghujot10966,귀곰님과 똑같은 린클 사용하는데 진짜 가격만 내려주면 최고의 가전임<br>구매후  정부지원금 50%를  돌려받았는데 구청마다 예산과 지원 인원수가 넉넉하진 않아요 <br>환경보호차원에서 이가전은 정말 나라에서  보조금 적극 지원해줘야해요.,60
615,2023-07-15,@KMJoo,전화 목소리 갭차이 뭐임?,1
616,2023-07-15,@treesun3196,"전에 귀곰님꺼 보고 링클 중고 구매했는데, 후회 없이 쓰고 있습니다.",0
617,2023-07-15,@성이름-s1z8y,"이거 진짜 넘 좋음. 문 닫아 놓으면 전혀 나는거 모르는 수준이고, 음식물 냄새보단 뭔가 구수한 된장(?) 같은 냄새나요. 전혀 역한 냄새는 아님.<br><br>근데.... ㅠㅠ 제가 유통기한 한참 지난 강아지 사료를 통째로 부었다가 미생물 다 죽었쥬 ㅠㅠ 기름기가 많은 음식을 너무 많이 한꺼번에 넣으면 큰일나요 ㅠㅠ",2
618,2023-07-15,@Nicknameplzz,냄새때문에 구매 고민중인데 냄새는 괜찮나요?,0
619,2023-07-15,@hjmadam87,안그래도 사고싶었는데 4인가구기는한데 음쓰가 일주일에 1키로정도 나오늘 음식안남기고 반찬사먹는집이라 프라임으로 갈지 고민이네요...,0
620,2023-07-15,@ej7314,미생이 다 차면 어떻게 처리하는지 궁금합니다! 저는 그냥 정원이나 하천 제방에 거름으로 주는데...다른분들은 종량제 쓰레기 봉투에 넣어 버리나요?,1
621,2023-07-15,@josw00,"<a href=""https://www.youtube.com/watch?v=SaoxlOeeDaU&amp;t=467"">7:47</a> 섬유질이 엉켜서 문제라면 가위로 대충 잘라서 넣으면 분해는 어떨지 궁금하네요. 꼭 건조할 필요가 있을지..",0
622,2023-07-15,@goja3771,미생물 처리기를 사야 할지<br>고온 처리기를 사야할지 고민 되네<br>고온 처리기는 춈 가격이 많이 비싸도 모든 식품은 다 되서 장점이긴 하던데,1
623,2023-07-15,@user-hf5to2qc1u,저는 고민하다가 미생샀어요. 미생은 냄새가 거의없고 건조는 전기료가 좀더나오고 다른건 건조시 스팀올라오고 ㅣ군데는 제습도 해줘서 올라오는 스팀없지만 배수가 되야되는 공간제약이 생기고 통열면 냄새가 많이 난다고해서 가리는거 있지만 미생으로 샀어요.<br>근데 오늘 영상보니 곧 건조도 살까 싶을것 같아요^^,0
624,2023-07-15,@뭐래는고,생고기 생닭 처리 가능 한가요?,0
625,2023-07-15,@user-lo7ns7dj1e,정말 초초초초초 극호!!<br>A/S 말고도 단순 문의사항도 네이버톡톡으로 질문하면 엄청 빠르고 친절하게 대답해주심!<br>지역 음식물처리기 지원금때문에 서류 요청할거 있어서 문의드렸을때도 메일로 친절하게 서류 보내주시고 넘넘 친절하셨어요ㅎㅎ<br>무엇보다 제품이 넘 조아요!!<br>이거 없으면 맨날 음쓰 버리러 나가야되는데 진짜 린클 삶의질 무지하게 상승해요😊<br>신혼가전 중 건조기 식세기보다 전 린클이 젤 대만족한다고 맨날 신랑한테 얘기해요ㅋㅋㅋ뿌듯,23
626,2023-07-15,@배고픈사람-v1q,목소리 말투가 왜이렇게 귀가 아프지,0
627,2023-07-15,@molanglu5434,"2년넘게 쓰고있는데 미역, 과일껍질 그냥 잘게 잘라서 넣어주면 문제 없이 사용할수있더라구요~ 정전되면 자동으로 안켜져서 꺼진상태에서 모르고있다가 하루 이틀뒤에 다시켜줘도 문제없이 잘 작동되긴하는데, 정전뒤에도 다른 가전들처럼 자동으로 켜질순 없는지 아쉬운 부분이였어요. 필터교체가 필요한지 몰랐어요. 환기가 잘되는 베란다에 두고써서 그런지 2년동안 필터교체 한번도 안했는데 냄새나는지 몰랐어요:)",2
628,2023-07-15,@many2533,"<a href=""https://www.youtube.com/watch?v=SaoxlOeeDaU&amp;t=103"">1:43</a> 생분해비닐 플라스틱의 조건은 생각보다 까다롭습니다. 분해환경의 온도도 50도이상을 유지해야하고 다른조건도 있어서 분해가 안될수밖에없어요",3
629,2023-07-15,@yj6635,맨날 벽타고 물떨어져서 거기 곰팡이 엄청 생기던데...제껀 왜그럴까요..,0
630,2023-07-15,@sulmilyeon7513,"2년쯤 쓰고 교반봉 모터가 고장나서 as 했었는데 수거용 전용 박스가 집에오고 거기에 넣어두면 다시 가져가는데 엄청 편했어요, 미생물도 건강한친구들로 새로 보내줘서 너무 좋았어요 ㅎㅎ",55
631,2023-08-10,@kymin-x1c,가전이 2년 쓰고 망가진다는게 말이 됩니까.. 저품질 제품으로 허위광고 해서 돈 벌어먹고 사는 린클 사지 마세요 ㅋ ...,2
632,2023-08-23,@울랄라뿅뿅,@@kymin-x1c 평생 가전제품 안써본사람인가... ㅎ,7
633,2023-07-15,@sjcha876,"사용한지 이제 막1년이 넘었는데요 이번겨울에 너무 추운 베란다에서 놓고 썼다가 뚜껑을 열때마다 뚜껑안쪽에서 물이 흐를정도로 계속 생기고 안에 조그만 필터구멍쪽에 곰팡이도 계속 생겼었어요 흙도 계속 축축해서 어두웠구요<br>매번 마른휴지로 물기랑 곰팡이를 닦기도하고 며칠 음쓰를 안넣어보기도 했는데 크게 안나아지더라구요<br>추위에 약하다는거를 나중에 알고서 부엌에 들여놨는데도 증상이 비슷했고 흙이 계속 축축하고 악취도 나고 흙이 차올라서 버려야하는 주기도 엄청 짧아졌어요 곰팡이두 여전히 계속 폈구요...<br>그래서 새 필터가 생각나서 갈아봤더니 기존필터 내부에도 곰팡이가 꽤 펴있어서 계속 냄새나고 환기가 제대로 안되니까 흙이 축축한거였더라구요<br>새 필터로 교체했더니 다시 사랑스럽게 열일해주고 있어요 흙도 다시 뽀송하고 습기 전혀없구요ㅋㅋㅋ<br>그래서 겨울에만 실내로 들여서 써야겠다 생각했는데 귀곰님 영상보면서 바닥에는 스티로폼, 몸통은 뽁뽁이 후기도 있는거보니 꿀팁하나 얻어가네요ㅋㅋㅋㅋ<br>겨울엔 제가 린클에 대해서 잘 몰라서 물기 닦을때마다 욕하면서 사용했는데 지금은 너무 좋아요<br>친정에 사드리고 싶을 정도로요<br>이번 신상 너무 사고싶네요ㅎㅎㅎ",1
634,2023-07-15,@미나키요,귀곰님 믿고 샀던 린클 2세대... 요즘 엄마가 자꾸 아무거나 막 집어넣어서 자꾸 봉에 걸리고 시꺼멓게 곤죽이 되는데 내일 식빵 사와서 일단 돌려보고...안되면 진짜 AS를 맡겨서 수리 받고 새 미생이들 넣든가 해야겠네요 ㅠㅠ <br>그치만? 정말 잘 쓰고 있습니다 ....음쓰 처리 걱정이 확 줄었어요<br>여름에 진짜 너무 스트레스였는데 ㅎㅎ,2
635,2023-07-15,@hohomom5858,리뷰는 고생 많으셨어요. 실제 사용해보니 sk매직이 냄새안나고 최고예요. 미생물 냄새나고 미생물 키우기 힘들어요,0
636,2023-07-15,@you7727,귀곰님 덕에 린클 잘 쓰고 있습니다 게다가 지자체 보조금으로 35만원 정도에 구입한 것은 안비밀 ^^,4
637,2023-07-15,@nessenty,한국 소비자들에게 가장 알맞는 리뷰어 ㅋㅋㅋㅋ 꼬리에 꼬리를 무는 질문살인마 T들도 만족하는 리뷰어,11
638,2023-07-15,@INTP-Tdlsxlq,우와,0
639,2023-07-15,@이승현-n6v,퇴근해서 집에올때마다 항상 뚜껑 열어봅니다. 잘있나 하고ㅋㅋ 가열분쇄식 좌표부탁드립니다,0
640,2023-07-15,@nyanyapunch,이거 진짜 대박입니다 물론 단점이 있지만 이걸 상쇄할만큼 장점이 엄청납니다. 그리고 A/S 정책이  엄청 좋아요 친절하고 진짜 잘해줍니다. 정말 강력하게 추천합니다,15
641,2023-07-25,@CherryThumbsUp,댓글 1개,1
642,2023-09-19,@냉삼-n1x,한심하다,0
643,2023-07-15,@이토레-v8n,미생물에 속속 박혀있던 활성탄이 음스통이 차면서 흙(?)을 퍼내서 버리다 보니 활성탄이 점점 없어졌고 음쓰 때려박으니까 필터를 뚫고 냄새가 세어나오기 시작했다(사실 필터를 교환해야하는데 귀찮았다 필터를 사놓긴 했는데 동전으로 여는게 왜이리 귀찮은지 ㅡ 지금 산지 일년반이 넘었는데 필터를 한번도 갈지 않았다)<br>그래서 쿠팡에서 파는 활성탄을 사서 조금 부어줬더니 냄새 많이<br>잡아줌,2
644,2023-07-17,@sorasea2936,활성탄이 숯같이 생긴거맞나여?,0
645,2023-07-15,@myboo4655,연구원도 이정도는 생각못했겠다ㄷㄷ,1
646,2023-07-15,@joongmoyang5627,"귀곰님  올리신 영상 구독하여 잘 보고 있습니다.  요즘 커피를 마시는 인구가 많이 늘어나고 커피가격 상승으로 홈카페가 유행이여서인지 커피 전자동머신을 많이 판매하고 있는데 커피 전자동 머신도 리뷰가 가능하실까요? 30~40만원대 전자동머신은 리뷰가 많은데 유라 ena8, S8, 드롱기 디가미카 플러스, 프리마돈나 플러스, 필립스 5400 과 같은 등급의 전자동 커피머신에 대한 리뷰는 없는것 같습니다.",0
647,2023-07-15,@오성환-c5f,곧있으면 2개합쳐진 합본제품나오겠군요❤,0
648,2023-07-14,@조정숙-e2t,나도 모르게 주변 지인한테 추천하고 있는 내모습에 놀랍니다.<br>만족도 최상 가전 인정!!,8
649,2023-07-14,@wild0205,린클 진짜 처음에 잘몰라서 진흙이었는데 이제는 너무 잘 사용하고 있음. 뼈있는거도 넣었다가 그냥 분해되면 뼈만 꺼내서 일반으로 버리니까 완전 편함. 근데 소음은.... 와.... 거실에 있는데 거실에서 못잠...,1
650,2023-07-15,@user-lo7ns7dj1e,뼈를 넣어서 소음이 생긴거 아닌가요?<br>저도 거실에 있는데 소음 아예 못느끼겠는데..<br>교반봉에 뭐 엉킨거 있는지 비닐장갑 끼고 한번 뒤적여보세요<br>가끔 바나나껍질 안잘라서 넣으면 교반봉에 엉키면 그런소리 날 때 있어요<br>그럴때 빼고 소리 안나거든요<br>거실에서 못잘 정도면 이상있는것 같은데 A/S 문의해보세요,1
651,2023-08-30,@wild0205,​@@user-lo7ns7dj1e아니에요 닭은 사용하다가 상태 좋아서 이것도?? 해서 넣은건데 소음은 처음 가동때부터 뿌드득 거리는 소리가 나던데 린클은 정상이래서 그냥 사용중입니다.,0
652,2023-07-14,@librashin8483,그리고 정말 이상한게 린클 미생물은 뭔가 키우는 느낌이 나서 이상하게 애칭을 붙힐정도로 린클에 정이 감....<br>가끔 &#39;우리 생물이들 밥먹어라&#39; 하고 음식물 줄때가 있습니다ㅋㅋㅋㅋ,24
653,2023-07-15,@uhh2hh,저도 별명 불러요. 우리 미미 밥먹자~이러면서요 ㅎㅎ,1
654,2023-07-14,@librashin8483,린클 정말 초창기 2019년도 와디즈 펀딩할때 사서 지금 4년째 사용하고 있습니다. 가전제품 중에 만족도 최상. 4년 동안 기름기 많은거 넣어서 교반봉에 미생물이 굳어서 A/S 2번 받았는데도 불구하고 만족합니다. 양조절과 기름기 많은 것들만 조심한다면 정말 미생물 반영구적으로 사용가능합니다. 필터도 저는 한번도 교체 안했어요. 4년동안... 그래도 냄새 심하지 않아요. 뚜껑 열때만 한약냄새같은? 구수한 냄새만 납니다.<br><br>A/S 2번 받으면서 정말 친절하다고 느낀게 교반봉 고쳐주시면서 알아서 제품에 업그레이드된 부품들도 교체해주시고 미생물도 건강한것들로 담아 보내주셔서 A/S비용이 하나도 안아까웠어요. 그만큼 만족합니다.<br><br>1세대 사용하고 있는데 새로나온 3세대 보니 엄청 스마트해졌네요. 기변보상같은걸로 업글하고싶네여ㅋㅋㅋ,18
655,2023-07-16,@kouro3210,저도 19년 11월에 와디즈에서 펀딩해서 사서 지금까지 잘 쓰고있고 필터교체도 안해봤어요ㅋㅋㅋ 자잘한 소음하고 진동 있는채로 2년 가까이 더 쓰다가 내부 통 부풀고 교반봉 부러지고 난리난채로 as 보냈는데 거의 새제품이 되어 돌아와서 찐감동 받았어요 굿,2
656,2023-07-14,@장미선-l1o,휴젠뜨도 리뷰해주세요~~ㅎㅎ,0
657,2023-07-14,@칰붕이1,갓맙다<br>2년째 장바구니에 담겨있지만 나의 장바구니 안목을 만족시켜 주었다,0
658,2023-07-14,@parking009,구청에서30만원 지원받아 사용한지 1년 넘었는데 너무 좋아요.,0
659,2023-07-14,@오정운-b8i,"린클 쓰면서 음쓰 버리기전 잘게잘게 잘라서 버리고 있는데, 이렇게 사용하시는 분도 계실까요?",0
660,2023-07-15,@사부작랑데뷰,저도 그래요. ^^,0
661,2023-07-14,@김화영-v3z,보다보니 반려생물키우기인가 싶어요. ㅋㅋㅋㅋ,0
662,2023-07-14,@최선수-o1m,저도 귀곰님 영상으로 린클 사용한지 1년이 넘었는데요 진짜 최고의 가전.<br>예민해서 미생물이 시컴축축 하면 당황하지 않고 화타 식빵투입 걱정 끝.<br>린클 사세요 두번 사세요~,4
663,2023-07-14,@김기린-m6z,"<a href=""https://www.youtube.com/watch?v=SaoxlOeeDaU&amp;t=524"">8:44</a> 구독 취소...",2
664,2023-07-14,@T_mo_nyang,a/s받아봤는데 너무 좋았어요! 제남편은 미생이 없으면 못산데요 ㅋㅋㅋㅋㅋㅋㅋㅋ무조건사요,4
665,2023-07-14,@mjkim3694,린클은 진심 사랑입니다. 이 회사 번창했으면 좋겠어요. 귀곰님 린클 리뷰기대하고 있었눈데 역시 만족합니다.<br><br>바나나껍질은 잘게 잘라서 넣으면 한번에 8개정도 버려도 괜찮던데요~,55
666,2023-07-24,@sniper-yt5hc,이회사 효과 전혀 없는 바쿼벌레 퇴치기 제품 파는거 사망여우한테 걸렸음,10
667,2023-08-01,@마시멜로-n8v,@@sniper-yt5hc   ? 근데 린클이 그래서 음쓰분해못함 ?   뭔 논리인지모르겠네,5
668,2023-08-05,@김종영-c7v,댓글알바들처럼보이네,3
669,2023-08-05,@sniper-yt5hc,@@마시멜로-n8v 정직한 회사가 아니니 과대광고가 아닌지 추후 as는 어떨지 고려해봐야한다는거지,2
670,2023-08-05,@mjkim3694,3년차 실 사용중이고 as도 받아보고 쓸수록 만족이라 순수하게 추천하는겁니다.  끼니마다 조금씩 계속 나오는 음쓰에서 해방된 기쁨에 삶의 질이 수직 상승됩니다.,5
671,2023-07-14,@쫑이채널-h9i,린클 정말 좋아요.. 저는 1세대 쓰고 있는데 이름도 지어주고ㅋㅋㅋ 극진히 모시고 있어요~~ 벌써 3세대라니!! 저도 2년넘게 쓰고있는데 필터 갈지 않았고 주방에 두고 쓰고있어요~~ㅋㅋ,0
672,2023-07-14,@brocho3628,이양반때문에 프라임샀는데 일인가구한테는 최고임,1
673,2023-07-14,@nickhan9962,3세대째고민중이네요,0
674,2023-07-14,@xthejs,저 미생물 많아지면 퍼다가 화단에 뿌려도 좋은거 맞죠?,0
675,2023-07-14,@merrysong4461,린클구매해서 쓰고 있어요..  교반봉 고장 1년 쯤 되면 꼭 발생하더라구요.. 전 벌써 2번이나 a/s 받았어요.. 귀곰님은 생분해비닐 실험 외에 고장 안 나셨나요???,1
676,2023-07-16,@yotsba,전 1년도 안되어서 3번 고장나서 새제품으로 교환 받았어요. 댓글들 보니 칭찬 일색이네 에이에스 너무 느렸고 고장 자주나서 진땀 뺐어요. 그래도 음쓰처리기 없인 못사니 계속 사용중인데 고장날까봐 벌벌 떨어요.,1
677,2023-07-14,@illlliii6206,부피가 커진 미생물 흙을 따로 빼서 보관하지말고 첨부터 1~2인가구는 절반만 넣고 나머지는 보관했다가 교체하거나 일부 한줌씩 추가해주면 저렴하게 오래 쓰지 않을까요?,0
678,2023-07-14,@둥글레차-f8c,귀곰형님 리뷰보고 린클 구매했는데 5개월정도 사용중인데 진심 만족도 최상입니다 . 린클<br>쵝오 !!,5
679,2023-07-14,@연이-n7v,귀곰님! 혹시 옥수수 뼈(?) 도 한번 미생물에 줘 보셨을까요!? 궁금해요!!,4
680,2024-08-13,@hslee4387,제가 해봤는데 괜찮았어요,0
681,2023-07-14,@kkk-4359,초파리 벼룩파리 트랩? 제품 너무 원해요 형님,1
682,2023-07-14,@pk-qz5et,아니 생선 가시랑 수박껍질 대파뿌리 멜론껍질 양파껍질 분해 안된다구요 ㅠㅠ,0
683,2023-07-14,@bachiankim,옥수수 껍질과 가운데 심은 테스트해 보셨어요?,0
684,2023-07-14,@sudii-hm4gv,"수박껍질버릴때 휴롬으로 껍질즙짜내고 찌꺼기만버려보세요 개꿀,, 수박한통껍질 다버려도 아무문제 없어용",9
685,2023-07-14,@별빛-r2t,이형 구독자 만명전부터 구독하고 보고있는데 진심 저세상 레벨… 대단혀 ㅋㅋㅋㅋㅋㅋ,10
686,2024-08-08,@sstory9108,😢ᆞ,1
687,2023-07-14,@yuyeonbang6736,꼭 사세요 삶의질 핵상승<br>식세기 &gt; 링클 &gt; 건조기 &gt; 로봇청소기<br>건조 방식보다 미생물이 최곤듯<br>냄새 진짜 안나요,2
688,2023-07-14,@히망이-v8k,린클 진짜 최고쟈나...,4
689,2023-07-14,@ednaswap000,믿고보는 귀곰 리뷰!!!!,0
690,2023-07-14,@Hello_Dex,다른걸 쓰고있지만... 미역은 생각도 못했네요.<br>미역국 좋아해서 자주먹는데... 남기질 않아서 몰랐네 ㅋㅋㅋㅋㅋㅋㅋㅋㅋㅋㅋㅋㅋㅋㅋㅋㅋㅋㅋㅋㅋㅋㅋㅋ,1
691,2023-07-14,@미미야낚시갈래,믿고보는귀곰~조아용,0
692,2023-07-14,@blackwood7327,귀곰님 영상보고 린클 구매해서 수개월째쓰고있는데 냄새없고 분해 잘되고 정말 만족하는 제품입니다.,2
693,2023-07-14,@asurakang,이런 사람이 한국에 있어 넘나 다행이고 정말 좋다,5
694,2023-07-14,@km-pp6yj,2년 사용 중인데 필터는 두번 갈았습니다ㅇㅇ<br>1년 좀 넘으니 외부로 시큼한 냄새 나더군요.<br>처음에 필터 교체하느라 좀 애좀 먹었습니다.<br>미생물은 한번도 안죽고 여전히 쌩쌩하네요.,1
695,2023-07-14,@이나경-h3e,"린클은 잘 쓰고 있는데요,영상에 나온 건조시켜주는 작은 음식물처리기는 무엇입니까?",0
696,2023-07-15,@꼴깍-k4h,가열건조식 음쓰처리기에요! 링크 올리면 자동으로 유튜브에서 지워서 못 올리느데 그것도 귀곰님이 리뷰 하셨어요,0
697,2023-07-14,@rlarltmd1,진짜 가장 아쉬운점은 가격임... 솔직 미생물이 메인이고 통은 엄청나게 별 기술없는건데(센서달린 쓰레기통+섞어주는 모터+필터+저울..) 미생물은 4만원이고 통이 70만원.... 쩝..,5
698,2023-07-14,@김해진-q7w,혹시 신발건조기 준비하고계신가요?ㅎㅎ,0
699,2023-07-14,@Cleyan_ez,생분해..비닐은... 분해되는 원리가.. 열분해라고 합니다...<br> 58도 이상 올라가는 온도가 되면 자연스럽게 분해된다고 하는데... 열대 기후 지역이면 몰라도....<br>한국은.. 여름 외에는 생분해 되지 않아..반대로 환경 오염을 발생 시킬 위험이 있다고도 하더라구요..,1
700,2023-07-14,@돌돌이-g7e,린클 미생물 6개월동안 진짜 애지중지? 하면서 쓰고 그후 6개월동안 식빵 일주일에 한번씩 먹이며 음쓰 많이 안 넣고 썼는데  지금은 바나나 껍질 그냥 넣어도 바로 분해해주는 강한 아이가 됐습니다. 미생물도 키우기 나름인것 같아요!,269
701,2023-07-15,@KimDoHyeon,ㅋㅋㅋㅋ 애들이 많이 강해졌네요 ㅎㅎㅎ,60
702,2023-07-15,@ej7314,저도 하루에 바나나 2개정도 넣는데 잘 분해하더라구요..ㅋㅋㅋㅋ강해게 키워야 함!,32
703,2023-07-15,@쿠로미-x8g,저두 린클 잘 쓰고 있어요 ㅋㅋ 강하게 키워야함 ㅋㅋ 극 공감 ㅋㅋ 그리구 린클사면 나라에서 지원하는 것두 있어서 반값은 돌려받아서 더 조음 ㅋ,17
704,2023-07-15,@돌돌이-g7e,저는 지원금 다 떨어졌을때 사서...ㅠㅠ 그래도 돈이 아깝지 않아요! 음식물 쓰레기때문에 남편이랑 같이 스트레스 엄청 받았는데 이젠 안 받아서 너무 좋아요 ㅎㅎ,15
705,2023-07-16,@Today_tommorrow,역시 양육자가 강하게 키우면 강하게 크는 것같습니다😂,9
706,2023-07-14,@jinik8277,린클이의 유일한 단점은 전기세 인거 같아요.<br>그거 외엔 프라임쓰면서 큰 단점을 못 느꼈어요.<br>1년동안 쓰면서 느낀점이에요.<br>기본적으로 전기를 한달평균 300kwh 이상 쓰시는 집들이 쓰시면 누진세까지 더해서 많이 나와요.<br>그리고 겨울에 더 전기 먹어요. <br>실내 온도가 낮아지면 그 안이 따뜻함을 유지하기 위해 더 먹는 것 같더라구요. <br><br>누진세가 적용되니까 400키로와트 가볍게 넘어가면 전기세가 무서워지는게 진짜 유일한 단점...ㅜㅜ<br>근데 신제품은 ..전기사용량이 반이 됐네요 !!ㅡㅜ 다시 사야하나 심히 고민중...,5
707,2023-07-14,@가가간,와 2세대 산지 이제 3주일지낫는데 3세대나와버렷네?,0
708,2023-07-14,@mashall2446,생고기는 어떤가요? 고양이 먹이요,0
709,2023-07-14,@laymondpark1375,아 그냥 진심 흙냄새고 나는 이거 진짜 맨손으로 만져도 하나도 거부감 없을 정도로 암시롱 안 함 ㅜㅜㅜ 애기들 놀이터 흙먼지 만지며 노는 것보다 차라리 린클 흙 주는게 깨끗하지않을까 진심으로 고민하고있을 정도임,0
710,2023-07-14,@asaroon1,와…. 리얼 찐 리뷰네요. 리뷰에 진심이야 ㄷㄷㄷ,3
711,2023-07-14,@Lattete,15갤 아기 있는 집인데 린클은 정말 집 가전중에 제에에에에에에에에일 만족 그리고 날벌레 전혀 안생김!!,4
712,2023-07-14,@ung9061,미생물 흙이 저만큼 많이 생기는걸 보면... 사람 대변의 3분의2가 세균 시체라는게 이해가 됨,0
713,2023-07-14,@lottery14,와 as 진짜 중요한듯요... 로청쓰면서 툭하면 택배로보내라는데...박스구해서 알아서 잘 포장하라는 식... 안입는 옷을 넣으라는둥.... 마지막에 큰 공감하고 갑니돠,26
714,2023-07-14,@Nathan_Joe,"<a href=""https://www.youtube.com/watch?v=SaoxlOeeDaU&amp;t=686"">11:26</a> 미생물 처리기에 애정이 더 많이 가는 이유는.. 뭔가 반려동물처럼 키운다는 느낌이 조금 있기 때문이 아닐지..ㅋ.ㅋㅋㅋㅋ",2
715,2023-07-14,@inviki37,초기형 아직도 쓰고 있는데 필터 한 번을 안 갈고 미생물도 단 한 번도 안죽고 그대로 잘 쓰고 있습니다.<br>솔직히 제조사 입장에서는 제한을 둬야하는 넣지 말아야 할 것도 대량투입이 아닌 이상 평범한 양 투입은 싸그리 다 해결해줍니다.<br>각종 뼈가 붙은 고기나 씨앗 붙은 과일들도 정기적으로 뼈와 씨앗을 걸러만 주면 고기나 과육 깔끔하게 해결됩니다. 잔뼈나 약한 씨앗은 알아서 바스라져 소화되구요.<br>압도적 만족도인 가전이고 가전 이상의 가치를 가지는 친구입니다.<br>처음 잘 키워두면 1회 투입량만 정말 과할 정도로 많이 넣지만 않아도 쌩쌩하게 잘 살아서 기특할 지경입니다.<br>수박도 한 통을 한 번에 손질하셨으면 껍질만 절반이나 3분의 1씩 나눠서 넣고 나머지는 하루정도만 냉동실에 보관하는 식으로 처리해도 아무 문제 없이 처리됐어요.,56
716,2023-07-25,@CherryThumbsUp,1,0
717,2023-07-14,@소록-h9p,저도 린클 쓰는데 한번에 많은 양을 처리 못하는것과 뚜겅 열때 나는 시큼한 냄새만 빼면 만족도 완전 높아요. 지인한테 무조건 추천이고 선물용으로도 최고인것 같아요,4
718,2023-07-14,@공양삼,다음세대에 열건조부분까지 합쳐서 만들어주심 살게요.... 왜 세탁기 통돌이 드럼이 같이 있는 애 같이 말이져 ㅋㅋ,0
719,2023-07-14,@eunjoocha6921,귀곰덕분에 알게된 린클.얼마전 드디어 구매하고 대만족하며 사용하고있습니다<br>3세대도 좋아보이네요,1
720,2023-07-14,@hyelee92,가열분쇄식 음쓰처리기는 어느 제품인가요???,2
721,2023-07-14,@TS-wy1mu,2년 넘게 썼는데 AS도 편의성도 모두 만족했던 제품. 전혀 돈이 아깝지 않았다는,5
722,2023-07-14,@ejkim9599,귀곰이 좋다고 하는 것은 정말 좋은 것이다! ㅋ,3
723,2023-07-14,@은하수-y8c6k,작년 리뷰보고 구매해서 잘쓰고있어요!!! 시즌3가 나왓다니....욕심이 😅,1
724,2023-07-14,@재벌집_막내아들,"저 제품은 아니지만 미생물 방식으로 2년넘게 사용하면서 문제점은 수분이 많으면 안 좋고, 수박껍데기같이 수분 많이 머금은 음식물은 절대 비추!!!! <br>미생물 분리된  잔여물은 화분에 뿌려주고 있음.",0
725,2023-07-14,@김지연-k5s6k,고양이 삽 좋네요!!!!!! 린클 빅스마일데이 55만원 무12 질렀는데 진짜 잘 쓰고 있어요....<br>최애 사용 가전입니다( 귀곰리뷰 보고 질렀어요),4
726,2023-07-14,@baecci7480,"<a href=""https://www.youtube.com/watch?v=SaoxlOeeDaU&amp;t=230"">3:50</a> 린클 냄새. 내돈내산으로 3년째사용중. 경험해본결과, 찌개 탕류를 그대로 린클에 넣으면 닫고나서는 냄새 x , 그러나 추후 다시음쓰 버릴려고 뚜껑열면 한약냄새같은게 좀잇음.<br>그런데 싱크대서 음쓰 버리고 물헹구고나서 넣으면 냄새 없음.",1
727,2023-07-14,@luxuryj89,"김치나 매운양념 채소,고기 들은 물에 헹궈서 넣기만 하면 분해문제 없이 잘 될까요?? sk분쇄가열식이랑 이거랑 고민중입니다 ㅠ",0
728,2023-07-14,@김지연-k5s6k,물에 씻고 작게 자르면 노프라블럼 입니다🎉,1
729,2023-07-14,@gogoomagamja,싱크대 수채통에 넣고 물 틀어서 대충 헹궈지면 그냥 버리면 됩니다. 너무 큰 덩어리가 아니면 일반 반찬정도는 안잘라도 되구요.,3
730,2023-07-14,@이소영-w5n,저도 신혼가전으로 사서 1년 반째 사용하고 있는데 만족도 100% <br><br>음쓰 버리는 것 때문에 싸운다는 얘기를 들어서 ㅋㅋㅋㅋ 싸우지 말고 잘살자라는 기원의 의미로 투자했습니다 <br><br>주변에 추천하고 싶은 가전 1위! <br><br>요리하면서 음쓰 버릴 걱정부터 드는데 <br>이제는 음쓰나와도 다 미생물 줘야지! <br><br>이런 가벼운 마음으로 요리합니다 ㅋㅋ<br><br>투자 가치가 있습니다! 꼭사세요!,6
731,2023-07-14,@artisttaehoon,개똥에서 ‘좋아요’를 누를수 밖에 없었다!,1
732,2023-07-14,@steponstep1230,린클 구매해서 사용중인 한사람임.<br>장점 말해달라면 한시간동안 혼자 떠들 자신있음.<br>단점을 보완하는 방법 - 한시간동안 혼자 떠들 수 있음<br>주변애 추천할꺼냐고 물으면 &#39;더이상 추천할 사람이 안남았다&#39;&#39;고 대답할수 있음.<br>린클 관계자 절대 아님.<br><br>마눌님 생일선물 해준거중에 젤 칭찬 많이 들음.,9
733,2023-07-14,@오승재-y3h,가장 궁금한게 설거지후 음쓰를 제거하다보니 세제가 묻었을텐데 효과가 있나 궁금했는데 저 정도면 진짜 효과가 좋네<br>진짜 하나 장만하고 싶다,0
734,2023-07-14,@haze____,린클 진짜 저 회사 잘 되어야 합니다. 기가막힌 제품을 만들었어요.,32
735,2023-07-14,@lorem-ipsum-x2q,사람똥이 있는데 왜 개똥을 주워왔어요?,0
736,2023-07-14,@gwigom,고민 5초정도 했었다,1
737,2023-07-14,@보석-j7s,고장나면 택배로 보내야하나요?,0
738,2023-07-16,@yotsba,네. 진짜 불편해요. 택배기사님이 안와요,0
739,2023-07-14,@dadsdsaad6912,자잘한건 미생물처리기<br>큰건 가열식 하면 좋을것 같긴한데 예산과 공간이 문제네,0
740,2023-07-14,@집파는장윤정,귀곰보고 린클 음쓰처리기 사서 계속 쓰는중인데 진심 만족😊,5
741,2023-07-14,@Elessar0910,저희 가족은 수박 엄청 좋아해서 여름이면 엄청 먹는데 수박은 껍질을 2cm * 2cm 정도 크기로 잘라서 500g씩 넣으면 문제 안생기더라구요 ㅎㅎ,8
742,2023-07-14,@설민TV,영상 보다 가격보고 놀라 정지...,1
743,2023-07-14,@userk5024,이번에 as 받았는데 진짜 엄청 친절합니다 <br>필요하다고 하니 박스를 보내주는데 처음에는 as가 필요 없다고 생각해서 박스를 다시 회수해달라고하면서 택배비는 어떻게하면되냐니까 그냥 박스는 추후에 필요할 수 있으니 그대로 보관하라고 하더라구요<br>덕분에 고장인걸 확실히 확인해서 보냈습니다<br>처리도 정말 빠르고 다시 택배로 보내주는 것까지 최고더라구요,17
744,2023-09-17,@NaNa-m1g7n,박스그냥버려도됩니다..추후 as보낼때 또 보내쥣거든요😅,0
745,2023-07-14,@yrkim,저도 살까말까 고민했었는데 사길 잘 한거 같아요 만족한 구매입니다!,2
746,2023-07-14,@mdesign4,분쇄식도 찐한 리뷰 부탁드립니다,1
747,2023-07-14,@Elessar0910,산 지 1년 안되어서 교반봉이 안움직이는 고장이 났길래 as 신청했더니 빠른 시일 내에 처리가 되었습니다. 최근에는 처가에도 하나 장만해드렸습니다. 열면 냄새는 나긴 나요 된장냄새? 발효냄새? 암튼 귀곰님 장모님께서 말씀하신 그런 냄새가 나긴 함... 근데 생각해보니 필터를 한번도 안갈았네요;;,1
748,2023-07-14,@무적권-d7u,린클 2년 넘게쓰는데 바나나같은 건 걍 가위로 잘라버리면 안엉켜요 ㅋㅋ,1
749,2023-07-14,@Han_Gyul,전 수박 좋아하는데 수박껍질 믹서에다 갈아서 손으로 한번 물 짜내고 미생이 줍니다.. 금방 소화하더라구요 ㅎㅎ,0
750,2023-07-14,@seulz8728,"안녕하세요. 왠만해서는 댓글들을 잘 안쓰는편인데,, 많은 분들이 만족하고 계신것 같아서 저도 댓글을 달아봅니다.<br>귀곰님의 채널은 크게 성장하시기 전부터 알게되어 관심있게 지켜보던 구독자 입니다.<br>음식물쓰레기 처리기가 필요하여 귀곰님이 추천해준 제품을 그냥 다른거 비교도 안하고 바로 구매했습니다. <br>1년 즈음 사용해본 결과, 관리를 하기위한 하나의 짐이 든 느낌이 들더라구요.<br>뭔가 잘못사용했나 싶어 제품 전체를 어렵게 청소하여 미생물 55,000원 정도 주고 구매하여 다시 해봤는데 정상적이지 않게 작동하여 AS를 진행하려 했더니.. 상담원 통화까지 너무 안되서 결국 찾아찾아 네이버 톡? 을 이용해서 AS문의를 하니,<br>고장증상을 설명하고, 영상을 찍어서 메일로 보내달라, 개인이 포장해서 보내달라.. (뭐 박스는 다행이 가지고 있었습니다만..) 그냥 버릴려고 생각 중입니다.<br> 사람마다의 경험에서 오는 부분이 다를 수 있겠지만... 정말 이 제품으로 인해 저는 귀곰님에 대한 영상도 예전처럼 관심갖고 보지 않게 될만큼의 안좋은 경험을 안겨준 제품입니다.<br> 안그래도 어딘가 CS팀에 의견을 개진하고 싶은데.. 마침 귀곰님께서 해당 제품에 대한 영상올린게 떠서 보다가 글을 남깁니다. 선택은 본인이 하는 것입니다. 귀곰님 리뷰도 상세히 깐깐하게 잘 하시지만.. 제품 구매시 모조록 잘 알아보시고 구매하시길 바랍니다.",6
751,2023-07-14,@momo0303,진짜 바이블 수준이네,0
752,2023-07-14,@BBBOMMMMI,저는 그냥 다 때려넣습니다....근데도 잘 살아있읍니다...  미안해 미생물아 😢 최애 만족 가전입니다,1
753,2023-07-14,@bonniepannie,공감이요- 저도 부모니댁에 하나 놔드리고 맘에들어서 저는 미국사는데도 어찌어찌구해서 미국서 사쓰고있습니다. 남편은 음쓰생기면 이거 쟤 줘도돼? 요러고 물어봅니다 ㅋㅋㅋ 식빵주면서 키우고있어요,2
754,2023-07-14,@Strawberry_moon__,as대응 확실하면 사야지👍🏻,1
755,2023-07-14,@rimbo453,가려넣을거 신경 안쓰고 2년째쓰는데 문제없이 쓰고있음 양파껍질 파뿌리 씨등등 걍 때려넣고 나중에 소화못시키면 미생물 퍼낼때 버리지뭐~하면서 다 때려넣는데 거의 다 소화해버림,3
756,2023-07-14,@karaaa_2,ㄹㅇ 린클은 집안의구원자임 밤에폰하다가 얼굴로 달려드는 날파리가사라짐ㅂㄷ,0
757,2023-07-14,@ozaki910814,오.. 지금 1년넘게 사용했는데 미역은 처음 안 사실이네요. 좋은 정도 얻어갑니다,1
758,2023-07-14,@준원-u1j,계란껍질은 버려도 되나요??,0
759,2023-07-14,@sato-q5w,이게 가전 4신기중 하나라는거 써본사람은 다알죠 ㄹㅇ 음쓰제로로 사는 삶이 얼마나 쾌적한지 안써본 사람은 절대 모름,7
760,2023-07-14,@이라라-d9z,앜ㅋㅋㅋㅋㅋㅋ고양이삽ㅋㅋㅋㅋ마쟈 저런 비슷하게 생긴 삽 사서 거르고있긴해요,0
761,2023-07-14,@kwak6131,미역이나 바나나 껍질은 버릴때 그냥 가위로 몇번 잘라서 버려주면 됩니다<br>어짜피 린클 안에 하루이틀 있을게 아니라서 결국 다 분해되고<br>안쪽에서 교반봉에 엉키는게 문젠데 가위로 몇번 잘라서 길이 자체를 짧게 해주면 <br>엉키지 않아서 문제 없어요<br>제일 위험한건 역시나 과식...,35
762,2023-07-15,@graysonandarty8821,맞아요 한입크기로만 잘라도 큰 문제 없더라고요ㅎㅎ,1
763,2023-07-14,@하바마피아,건조 분쇄기 링크도 댓글 수정 추가 해주세요,1
764,2023-07-14,@k4650352,"우리집 린클만 그러는지는 모르겠지만<br> 냄새가 너무 심해서 집안에는 절대못두고 베란다에 두고 사용하는데.<br>양념 제대로 안씻어서나면 식초냄새가 진동하고, 열때마다 특유의 한약냄새가 심해서<br>베란다문을 항상 닫아두고 사용함.<br>왜그런지는 모르겟는데 가끔 두두두두 하는 반복적인 소음이 남.<br>탈취필터 갈았는데도 심한냄새 ㅜㅜ<br><br>음쓰버리러 안가도 되는 엄청난 장점때문에 사용하지만 생각보다 냄새도심하고 소음도심함 ㅜㅜ<br>햐지만 린클없이는 단하루도 못살듯 😅",1
765,2023-07-14,@박인용-g6e,저희집도 냄새 심하고 소음이 심해요ㅠㅜ 과일같은거 잘라넣어주고 좀 관리 해줘야할거같아요,0
766,2023-07-14,@rlarltmd1,추천 3번 눌러용 ㅋ,0
767,2023-07-14,@bimmermania,석달만에 쉰내나고 필터까지 갈았는데 미생물 다 죽어버리고 다 치워버렸습니다,0
768,2023-07-14,@jinoni77,귀곰믿고 아닥하고 산다,2
769,2023-07-14,@user-05ri,수박껍질 휴롬에 넣고 건더기만 미생물에 주면 깔끔,1
770,2023-07-14,@멋쟁이-n6e,고장나서a/s신청 했는데<br> 친절하고  바로  바로  <br>해결 해주셔서  만족 합니다~,2
771,2023-07-14,@gogoomagamja,남의 똥 주워 와서 리뷰하는건 모든 유튜버 통틀어 처음이자 마지막일듯ㅋㅋㅋㅋㅋㅋ,1
772,2023-07-14,@IIllIIIllllllIlil,"이 제품은 아니지만 (회사만 같음)이거 여름 철에 진짜 궁합 좋음.... 여름철은 음쓰 썪기 딱 좋은 날씨라 바로바로 버려야하는 데 그 횟수를 확 줄여줌... 다만 내가 가진 제품만 그런건지 교반봉 돌아갈때의 소음이 좀 있는 편 , 필터 교체를 해야하는 지 지금 알았음.. ㄷㄷㄷ 안했는 데도 냄새같은 게 안나서 몰랐네;;;  냄새는 뚜껑 열었을때 진한 흙 냄새라 별 거부감 안듬 <a href=""https://www.youtube.com/watch?v=SaoxlOeeDaU&amp;t=288"">4:48</a> 설명서에 환기 잘되고 직사광선이 안드는 곳에 두라고 정확하게 명시 되어있다....",3
773,2023-07-14,@ganadala,저도 귀곰님 영상보고 샀어요! 냄새는 한 5일 일주일에 한번? 정도 냄새가 약간 올라오는데 그때 내부에 손가락만한 필터뽑아서 씻어주면 다시 안나요!<br>미역은 잘 안먹어서 모르겠는데 바나나는 잘 익은건 손으로비틀면 두두둑하고 끊겨서 두세번 손이나 가위로 잘라서 버리면 큰 문제 없었던거같아요,0
774,2023-07-14,@Ggg-kf4lw,2세대 너무 잘 쓰고 있는데 약 1년정도 사용하니 모터가 맛이 갔습니다ㅋㅋㅋ인터넷에 린클 고장이라고 찾아보면 1년정도 사용하면 모터가 나간다는 말이 많아요. 뽑기 실패인건지 뭔지.. 모터 교환비용 6만원정도 들어요. 저렴한 가격도 아닌데 1년만에 고장나버리니 황당ㅋㅋㅋㅋ2인가구라 음쓰양도 적고 금이야 옥이야 키운 미생물인데..,0
775,2023-07-16,@yotsba,저도요. 고장 너무잘나요. 상전 모시듯 해도 그래요. 칭찬댓글들만 있어 놀라고 있어요,0
776,2023-07-14,@Okdal6786,진심 1인가구에 딱입니닷,1
777,2023-07-14,@yyhk_007,오 내꺼 당첨됫네 게다가 썸넬 까지 ㄷㄷ,1
778,2023-07-14,@hip6605,공감합니다. 가열식도 써보고 미생물도 써봤는데 진짜 친밀감(?)이라고 해야하나 살아있는 거라고 정이 갑니다,13
779,2023-07-14,@naruduran,역시 가전은 1세대보단 늦게 사는게 이득이쥐 귀곰형님 감사합니다 이제 살때가 됐군요,1
780,2023-07-14,@BLUE_PHYSICS,제 반려 미생물입니다.<br><br>가끔 아무것도 넣어주지 않으면 뭔가 불쌍해서 식빵 같은거 사서 넣어줘요 ㅋ,3
781,2023-07-14,@First-rd9re,가격도 싼것도아닌데 구분해서 넣어야된다면 살이유가없다고 생각함,2
782,2023-07-14,@gkgksnd12,사고싶짜나😢,0
783,2023-07-14,@tank2727able,미생물 처리기는 반쪽짜리임.. 그거 생각하고 구입해야함.. 과일 야채 넣으면 음식물 찌꺼기 남음.. 2kg 용량쓰는데 전기량 월80kw임.. ㅜ.ㅜ,0
784,2023-07-14,@lallasweet.b,2년이요?와 대단하다!!!!,3
785,2023-07-14,@pehg4712,저도 진짜 잘 쓰고 있어서 부모님 사드리려고 돈 모으는 중이에요. 덩어리 소화안될 때 고양이 똥삽같은걸로 가끔 걸러주면 편하더라구요. 근데 신제품은 그런 삽을 그냥 준다고요????,2
786,2023-07-14,@ilyksw,역시 믿고 쓰는 린클이네요ㅎ 신세계,0
787,2023-07-14,@고양이를세탁해,"린클에 가장 완벽한 파트너는 고양이 화장실용 두부모래 입니다.<br>콩으로 만든거라 음식물 쓰레기처럼 분해도 되고, 수분을 엄청나게 빨아들여주기 때문에 가끔 과투입된 음쓰로 인해서<br>미생물이 질퍽해졌을때 종이컵으로 두부모래 한두 컵 정도만 넣으면 순식간에 수분조절 해주면서 하루면 다시 보송보송해집니다.<br>냄새도 콩, 두부류 냄새 같은 구수한 냄새에 살짝 된장 느낌의 발효냄새 섞인 정도로 바뀜.<br>다이소에서 저렴하게 파는 것 한 봉지 사두면 두고두고 쓸 수 있어요.<br>바나나 같은 경우는 그냥 린클 옆에 아예 전용 가위 두고서 슥슥 잘라서 넣어주고 있는데 전혀 문제 없습니다.",291
788,2023-07-14,@narang_cats,고양이가 두부모래 안써주는게 문제임 ㅎㅎㅠㅠㅠ,35
789,2023-07-14,@J의와,식빵 쓰면 뭔가 멀쩡한 음식 버리는 느낌 나니까요ㅋㅋ 그냥 두부모래 하나 사서 대충 때우자는 취지인 것 같네요 보관도 편할 것 같고 나쁘지 않을 것 같아요,47
790,2023-07-14,@정꼬꼬-q6g,헉 고양이가안쓰는 두부모래있는데 신세계네요...감사합니다,9
791,2023-07-15,@정바니-n5g,오...다이소갑니다.,2
792,2023-07-15,@이토레-v8n,@@narang_cats 저희집두요 ㅋ<br>그리고 <br>어느순간 냄새가 좀 난다 싶으시면 활성탄 사서 좀 넣으시면 냄새 많이 줄어듭니다,18
793,2023-07-14,@jyu4807,사고싶어요....,1
794,2023-07-14,@bohadahae,귀곰님 리뷰보고 린클산 1인임다. 2인가구 프라임 사용중이구요. 음쓰처리하기 너무편해져서 행복그자체에요..음쓰생기면 바로바로 미생이한테 줘버리니까 벌레도 안생기고ㅠㅠ 마늘줄기랑 양파줄기 줬다가 미생이도 저도 고생좀했는데ㅋㅋ생라면먹이면서 다시 살려냄요ㅋㅋ얘가 생물이니까..나는 쓰레기를 버리는건데도 미생이가 먹고 양늘어나면 엄마네 밭에 거름으로주고 자원순환의 느낌이라 기분이좋아요ㅋㅋ 그치만 가격이 너무비쌈,4
795,2023-07-14,@dda1011,무조건 사세요…제발…,2
796,2023-07-14,@지헌평,기존보다 용량도 커지고 기능도 많아졌네요.,0
797,2023-07-14,@용산경찰서,좋은 리뷰자세다❤,1
798,2023-07-14,@YeWonKim-k5y,참고로 이사중에 애매해져서 한 4개월 코드뽑고 그대로 방치했는데 미생물 멀쩡했습니다. 여름이라 얼어죽진않은듯ㅋㅋ,3
799,2023-07-14,@bellalee5841,1년정도 린클썼는데 린클통을 열면 무슨음식물넣었는지따라 냄새가다른데 가끔냄새좀 난다싶음 커피찌꺼기 넣어주면 냄새안납니다😊,3
800,2023-07-14,@DiGIMon74,"나도 사고싶다는 생각이 들지만... 막상 혼자 살아보니 요리를 안하고, 요리를 안하니 음쓰가 4개월째 안나온닼ㅋㅋㅋㅋㅋㅋㅋㅋ",0
801,2023-07-14,@mistorm7502,아파트 산책하다가 보면 기겁하는 개똥까지 실험해주시다니…역시 귀곰님은 대단해🤭🩷🩵,14
802,2023-07-14,@ge251f1s5,갓 귀곰 !!,2
803,2023-07-14,@landpark1087,만족도 10. AS 만족도는 더 높음.,1
804,2023-07-14,@IGSong-e6h,다른 것도 훌륭하지만 AS는 진짜 기가 막힙니다. 한 번 받아보신 분들은 아실거에요. 진짜 모범적인 기업이라고 생각함.,187
805,2023-07-14,@taerimlee8708,저도 극공감.... 진짜 빠름 친절의 화신... 제품의 만족도를 떠나서 제품이 좀 모자라도 문의하면 답변이 너무 정성스러워서 만족도가 올라감 ㅋㅋㅋ,15
806,2023-07-14,@seulz8728,저는 절대 공감 못하겠습니다. 경험적인 차이는 있겠으나.. 귀곰님의 리뷰라 따지지도 않고 1년전쯤 구매했었는데... 정말... 여러모로 70만원짜리 쓰레기가 생긴 느낌입니다..,14
807,2023-07-14,@youngeunlee6331,"저도 as 극공감이요 정말 친절하고 빠름 빠름, 프라임 2년 째 사용 중인데 대만족입니다",7
808,2023-07-14,@꼴깍-k4h,​@@seulz8728혹시 엄청 많이 버리시나요? 왜 안 좋아하시는지 궁금... 저희집 최애가전니라,11
809,2023-07-15,@정바니-n5g,저듀 공감.21년 1월에 샀는데 턱턱턱턱 소리가 나길래 as 보내면서 미생물 상태가 도저히 여름에 택배보낼 상태가아니라서 다비워서 보냈더니 잘 배양항 미생물 채워서 as비용없이 수리완성....❤,15
810,2023-07-14,@허준-l9g,진짜 다좋은데 디자인좀 해치더라도 스티커같은걸로 투입불가 붙놓으면 참좋겠다.,1
811,2023-07-14,@박선정-k4g,사라 사라 무조건 사라…..진짜 음식물이 엄청 나오는 집 제외하곤 무조건 사라고 하는 제품임.구매후 1년 바로 며칠전에 교반봉 때문에 A/S 맡겼는데 그 박스 갖고 있는 사람이 나라 더 빨랐나 몰라도 없다 그럼 박스도 보내주는거 같고 제품 받자마자 바로 그날 고쳐서 당일날 배송해준건지 택배 A/S방식인데도 새벽배송만큼 진짜 빠르다<br>느낌,34
812,2023-07-14,@PHS-bo2yc,"저희집에서 일을 가장 잘 하는 애들 셋이 린클, 식세기, 건조기 입니다 ㅋㅋㅋㅋ 대 만족~ 삶의 질이 올라갑니다~",13
813,2023-07-14,@강금원-z7q,잘헌다~,0
814,2023-07-14,@상상이-b4s,린클 귀곰님 영상보고 구매해 쓰고있는데 뚜껑닫으면 그리 크게안나고 뚜껑열면 된장뜬냄새가 납니다~,0
815,2023-07-14,@yun2_2,린클 단점 : 2세대 너무 잘만들어서 3세대 살 생각 전혀 안듬,5
816,2023-07-14,@정도-c3u,저도 린클 AS받았는데 정말 만족!!! 좋아요🎉,6
817,2023-07-14,@손민기-g3u,이직 부족해서  5세대는 나와야함,0
818,2023-07-14,@chulgunsirru,시큼하고 한약냄새는 안없어지긴하더라구요... 겨울에 베란다 에 놓으면 결로 생기면서 곰팡이가 ㅠㅠ. 그래도 만족합니다,3
819,2023-07-14,@이름뭐하지-j9l,이사람 때문에 샀는데 진  짜....어휴<br><br>너무 만족스럽고 좋아요 <br>이거 사면 삶에 질이 달라지고 음식물 관련된 글만 보면 자동으로 광고글 같이 쓸정도로 만족하면서 쓰고있음<br>실수로 삽넣고 닫고 잊었는데 소리나서 열어보니<br>삽을 갈아버리고 고장도 안났음<br>안사고 뭐해 친구들?<br><br>귀곰님 덕에 로청도 사서 진짜 잘쓰고 있음 감사합니다,21
820,2024-10-19,@jiya02,ㅋㅋㅋㅋ,0
821,2023-07-14,@영하최-z9o,할인 언제까지인가요??24일 연차나오면 질러야 겠어요^^,1
822,2023-07-14,@hl1sfs,와...1세대 사용중인데... 3세대를 사고 싶은 이 기분...... 근데 고장이 안나.... 미생물이 죽지를 않네요....,25
823,2023-07-14,@wlsnwydk,여러모로 건조식이 최고임 음쓰 안가려 크기 획기적으로 줄여져 관리 관편해,1
824,2023-07-14,@1fromby,너무감사해용❤❤❤,0
825,2023-07-14,@강윤지-w2b,강아지똥도 해주시다니....압도적감사...!,5
826,2023-07-14,@세뇨리따-w2s,프로 리뷰러 ㅠㅠㅠㅠ 떵까지 넣어보라고 시키다니 악마들,3
827,2023-07-14,@misatole,가열 분쇄식은 추천 하시는 제품이 있을까요?,0
828,2023-07-15,@aliceoh7091,sk매직거 귀곰님 리뷰 있어요. 한번 보세요. 전 그거 사려고 보고 있었는데 이거 보니 이거대로 혹 하네요..,0
829,2023-07-14,@jungkukshin8826,린클은 아니지만 다른 업체거 쓰고 있어요. 우리집 효자입니다. 와이프가 애들보다 더 소중한 존재라고 애정하는 반려미생물입니다.,3
830,2023-07-14,@익명의난투극,애매하다 싶은 제품을 생각을 해볼만 하겠는데? 인식을 바꿔준 영상이네요.<br>하수구 다이렉트 음식물 분쇄기? 그거 보곤 음식물 쓰레기 관련 제품에 편견이 있기도 했고요.,0
831,2023-07-14,@깔라-g6d,넘비싸ㅜㅜ,0
832,2023-07-14,@quiet____0525,살까…,1
833,2023-07-14,@user-miracle123,린클 5개월째 사용하는 중인데 가장 귀찮은 단점은 수박이나 과일껍질 잘라 넣어야 하는 귀찮음. 근데 이것 빼고는 너무 괜찮음,3
834,2023-07-14,@zeros.76.,린클 1세대 펀딩으로 구입해서 잘 쓰고 있습니다.  아침 마다 음쓰 봉투 없이 츨근 합니다 ㅎㅎㅎ,3
835,2023-07-14,@kp-ui2bs,나 별겨 다 써봤다 <br>장단점이 다 있고<br>조건이 가능하다면 <br>씽크설치형 넣기만하면<br>분쇄후 미생물처리해서 하수구로 바로 빠지는게 젤 편하다 현제로서는<br><br>소개하는 이거는<br> 쿰쿰 한 냄새난다<br>넣는것에따라 다양하게 <br>이거 예민하면 디게 신경쓰이고 힘들다,2
836,2023-07-14,@아랫집토토로-v5y,귀곰영상보고 5월에 사서  느무잘쓰고있어요 울집사랑둥이<br>하지말라던 수박한통 때려넣기도해봤는데 다시 살아나는거보고 넘좋았어요<br>과일사먹는데 자신감생겨요 ㅎㅎ,19
837,2023-07-14,@user-xj9ex3ue8b,나도 수박껍질은 안되더라...<br>다음날 홍수남;;;<br>그리고 이거 식물에 퇴비로 쓸수도 있다고 하는데 시골에 탁트인곳이면 모를까 주택이나 일반 가정집은 비추.<br>초파리+온갖벌래들+구데기 다 모임,2
838,2023-07-14,@YTN24,가격만 빼면 완벽한거 같음 ..ㅋㅋ,4
839,2023-07-14,@robo8868,이 정도면 린클 사외이사급...ㅎㅎ 명륜진사갈비에 조현이 있다면 린클에는 귀곰님이...ㅋㅋ,5
840,2023-07-14,@셩-t3d,ㅋㅋ 진짜 최고! 아니 공부도 엄청 잘할듯!!<br>회사에서 인정 받는 인재일듯 👍🤗,8
841,2023-07-14,@lovely-pudding,린클은 사랑입니다,1
842,2023-07-14,@안녕내삶,4년째 미생물 교체 안하고 쓰고있음.<br>참고로 나는 미렌제품쓰고 있는데 국물 따로 버리는거 귀찮아서 짬뽕국물이고 뭐고 그냥 다버림.<br>이짓을 하면 2주안에 미생물이 국물때문에 떡이 되는데 건조기능해서 흙좀 말리고 한 일주일정도 국물 넣지말고 쌀밥이나 빵종류만 주면 다시 살아남 이렇게 되살린게 4번이상됨.<br>그래서 지금도 그냥 국물까지 버림,3
843,2023-07-14,@goodgood5497,이번에 ㅂㄹ친구 결혼해서 신혼 집들이 선물로 음쓰 사줫는데 친구 와이프가 그렇게 좋아한다고 들었습니다.<br><br>ㄹㅇ 가격대비 혜자인거 같긴합니다.(체감되는거요),3
844,2023-07-14,@gwigom,"[주의] 카카오톡에 &#39;한미프렉시블&#39; &#39;린클&#39; 채널명 외에는 사칭 계정이다. 최근 사칭 계정을 통해 구매, 교환 및 환불 사기 피해자가 생기고 있다고 한다. 해당 업체명이 잘 기억이 안 난다면 우측에 인증마크가 있는지 없는지 꼭 확인하자. 체크모양의 인증마크가 없다면 사칭계정이다. 결제자 이름을 천지물류나 태림물류로 현금 결제를 받는다고 한다. 린클 뿐 아니라 다이슨처럼 가격대가 있는 가전 카테고리에서 발생하고 있는 신종 사기수법이라고 하니 조심하자.",149
845,2023-07-14,@김버섯-p5z,가열분쇄식 제품은 어떤 제품인가용?😮,6
846,2023-07-16,@qqu5312,"sk매직 제품같아요~!<br>저도 쓰고있는데. 진~~~~짜 만족도 최고의 가전이라고 생각해요.ㅎㅎ<br><br>다만 배수가 되야해서 싱크대 올리고 쓸경우, 싱크대 타공이 필요한제품입니다~!",0
847,2023-07-14,@louis-im4ct,2년정도 사용중 필터 교체안함. 괜찬음.,4
848,2023-07-14,@훈창전,4분전은 못참지,0
849,2023-07-14,@lina_story,굳 살라고했는데 리뷰개꿀입니다,2
850,2023-07-14,@오민선-i9m,1등❤,0
851,2023-07-14,@라드-u8w,귀곰 당신은 미친 곰이야..... 리뷰에 진심이야,443
852,2023-07-15,@B_JJuney,이 형... 로청에서 음쓰처리기로 갈아탔네 ㅎ...<br>이 형이 좋다는 로청이 지금 홈쇼핑에서 연속 매진이라네요 핳ㅎㅎㅎ👍,5
853,2023-07-16,@bs2379,😢,1
854,2023-07-19,@genosyde78,끄덕 끄덕 정말 미친고 같오.,1
855,2023-07-13,@gwigom,"댓글 A/S<br>1. 영상 속 제품들 구매링크<br>하단 링크로 구매하면 오늘의집과 쿠팡으로부터 일정액의 수수료를 귀곰채널이 제공 받아 내돈내산 리뷰 운영에 도움이 된다<br><br>*전 플랫폼 가격동일<br>린클 그래비티(23년 최신형)<br><a href=""https://link.coupang.com/a/bQueeg"">https://link.coupang.com/a/bQueeg</a><br><a href=""https://ozip.me/tNHH5FV?af"">https://ozip.me/tNHH5FV?af</a><br><br>린클 프라임(1,2인 가구도 괜찮은 사이즈)<br><a href=""https://link.coupang.com/a/bQueuW"">https://link.coupang.com/a/bQueuW</a><br><a href=""https://ozip.me/i4nfDdL?af"">https://ozip.me/i4nfDdL?af</a><br><br>린클 구형(대용량)<br><a href=""https://ozip.me/WkRNXbK?af"">https://ozip.me/WkRNXbK?af</a><br><br>2. 카카오톡에 &#39;한미프렉시블&#39; &#39;린클&#39; 채널명 외에는 사칭 계정이다. 최근 사칭 계정을 통해 구매, 교환 및 환불 사기 피해자가 생기고 있다고 한다. 해당 업체명이 잘 기억이 안 난다면 우측에 인증마크가 있는지 없는지 꼭 확인하자. 체크모양의 인증마크가 없다면 사칭계정이다. 결제자 이름을 천지물류나 태림물류로 현금 결제를 받는다고 한다. 린클 뿐 아니라 다이슨처럼 가격대가 있는 가전 카테고리에서 발생하고 있는 신종 사기수법이라고 하니 조심하자. <br><br>3. 곰팡이 핀 음식 넣어도 괜찮냐는 질문이 있었는데 아무 문제 없이 소화한다. <br><br>4. 브랜드 별 미생물 차이가 있는지를 궁금해 했는데 솔직히 내가 비교 사용해보질 않아서 개인적으로 답변하긴 어려울 것 같다. 린클 측에서는 미생물 자체의 차이는 별로 없을것 같고 배합등의 최적화 차이가 있을것같다라는 답변을 들었다. <br><br>5. 가혹한 테스트를 하다보니 린클 내부가 좀 지저분해졌다. 일반적인 사용환경이라면 저 정도는 아니다.",198
856,2023-07-15,@이토레-v8n,밑에 댓글을 달긴 했는데<br>혹시 못보실까봐 한번 더 남겨요<br>사용한지 오래되서 흙(?)자꾸 퍼내니 첨에 있던 활성탄은 이제 온데간데 없어져서<br>음쓰통에 활성탄 종이컵으로 반컵 넣어줬더니 냄새 많이 잡아 주더라구요,5
857,2023-07-15,@alwaok,음쓰가 섬유질 분해에 약하다면 안에 지렁이나 달팽이 같은 아이들을 키우면 어떨까..라고 생각했으나 마누라한테 등짝맞고 포기했습니다,5
858,2023-07-15,@lunzili6476,35도에서 70도라는데 지렁이 달팽이 다 죽지 않을까요? ㅋㅋㅋ,3
859,2023-07-15,@cumbara4595,"리뷰에 있는 미역, 바나나껍질같이 섬유질 많은건 섬유질이 난 방향 칼로 잘게 썰어넣으면 문제없이 분해 잘 합니다. 마찬가지로, 생분해 음쓰 봉투들도 역시 잘게 잘라서 넣으면 감쪽같이 분해 다 합니다.<br><br>잘라 넣는건 뭔 귀찮은 짓이냐 하실 수 있는데, 여름에 밖이나, 음쓰봉투에 넣어두면 물나오기 시작하고 초파리 꼬이고 곰팡이 꼬이고, 악취나는 물고인 음쓰봉투 들고 쓰레기장까지 가는 수고로움 생각하면 훨씬 낫지않나라 생각하면 별거 아녜요.<br><br>그리고 이것저것 가려넣어야하는게 많아서 불편하다고 하시는 분 계시다면, 린클에 가려넣어야하는 것들은 원래도 대부분의 지자체에서도 음쓰가 아니라 일반쓰레기로 버리도록 분류하고 있고, 이때까지 그걸 신경안쓰고 그냥 음쓰에 넣어버리셨던거일거라는거~<br><br>린클 쓰면 음쓰는 음쓰대로 흙으로 바꿔버리고 분리할건 분리해서 환경 보존에 조금이나마 보탬이 된다는 마음으로 기꺼이 그 정도 약간의 불편함은 감수합니다.솔직히 2년째 사용하니 이게 불편한지도 모르겠네요.",10
860,2023-07-15,@JayJ-po4yc,3번의 경우 쉰내남,0
