,url
0,https://kin.naver.com/qna/detail.naver?d1id=8&dirId=802&docId=474692848&qb=66+47IOd66y87J2M7JOw7LKY66as6riw&enc=utf8&section=kin.qna_ency&rank=1&search_sort=0&spq=0
1,https://kin.naver.com/qna/detail.naver?d1id=5&dirId=50104&docId=417138206&qb=66+47IOd66y87J2M7JOw7LKY66as6riw&enc=utf8&section=kin.qna_ency&rank=2&search_sort=0&spq=0
2,https://kin.naver.com/qna/detail.naver?d1id=5&dirId=501&docId=470638796&qb=66+47IOd66y87J2M7JOw7LKY66as6riw&enc=utf8&section=kin.qna_ency&rank=3&search_sort=0&spq=0
3,https://kin.naver.com/qna/detail.naver?d1id=5&dirId=50104&docId=435413134&qb=66+47IOd66y87J2M7JOw7LKY66as6riw&enc=utf8&section=kin.qna_ency&rank=4&search_sort=0&spq=0
4,https://kin.naver.com/qna/detail.naver?d1id=11&dirId=1118&docId=422070067&qb=66+47IOd66y87J2M7JOw7LKY66as6riw&enc=utf8&section=kin.qna_ency&rank=5&search_sort=0&spq=0
5,https://kin.naver.com/qna/detail.naver?d1id=5&dirId=501&docId=440088821&qb=66+47IOd66y87J2M7JOw7LKY66as6riw&enc=utf8&section=kin.qna_ency&rank=6&search_sort=0&spq=0
6,https://kin.naver.com/qna/detail.naver?d1id=5&dirId=50502&docId=468721790&qb=66+47IOd66y87J2M7JOw7LKY66as6riw&enc=utf8&section=kin.qna_ency&rank=7&search_sort=0&spq=0
7,https://kin.naver.com/qna/detail.naver?d1id=5&dirId=50503&docId=397492106&qb=66+47IOd66y87J2M7JOw7LKY66as6riw&enc=utf8&section=kin.qna_ency&rank=8&search_sort=0&spq=0
8,https://kin.naver.com/qna/detail.naver?d1id=4&dirId=406&docId=421288314&qb=66+47IOd66y87J2M7JOw7LKY66as6riw&enc=utf8&section=kin.qna_ency&rank=9&search_sort=0&spq=0
9,https://kin.naver.com/qna/detail.naver?d1id=5&dirId=50104&docId=441327598&qb=66+47IOd66y87J2M7JOw7LKY66as6riw&enc=utf8&section=kin.qna_ency&rank=10&search_sort=0&spq=0
10,https://kin.naver.com/qna/detail.naver?d1id=11&dirId=110701&docId=448575802&qb=66+47IOd66y87J2M7JOw7LKY66as6riw&enc=utf8&section=kin.qna_ency&rank=11&search_sort=0&spq=0
11,https://kin.naver.com/qna/detail.naver?d1id=11&dirId=111606&docId=336097425&qb=66+47IOd66y87J2M7JOw7LKY66as6riw&enc=utf8&section=kin.qna_ency&rank=12&search_sort=0&spq=0
12,https://kin.naver.com/qna/detail.naver?d1id=8&dirId=80901&docId=471971432&qb=66+47IOd66y87J2M7JOw7LKY66as6riw&enc=utf8&section=kin.qna_ency&rank=13&search_sort=0&spq=0
13,https://kin.naver.com/qna/detail.naver?d1id=5&dirId=501&docId=410782319&qb=66+47IOd66y87J2M7JOw7LKY66as6riw&enc=utf8&section=kin.qna_ency&rank=14&search_sort=0&spq=0
14,https://kin.naver.com/qna/detail.naver?d1id=11&dirId=111606&docId=449213646&qb=66+47IOd66y87J2M7JOw7LKY66as6riw&enc=utf8&section=kin.qna_ency&rank=15&search_sort=0&spq=0
15,https://kin.naver.com/qna/detail.naver?d1id=2&dirId=20203&docId=423770360&qb=66+47IOd66y87J2M7JOw7LKY66as6riw&enc=utf8&section=kin.qna_ency&rank=16&search_sort=0&spq=0
16,https://kin.naver.com/qna/detail.naver?d1id=5&dirId=50104&docId=468087080&qb=66+47IOd66y87J2M7JOw7LKY66as6riw&enc=utf8&section=kin.qna_ency&rank=17&search_sort=0&spq=0
17,https://kin.naver.com/qna/detail.naver?d1id=5&dirId=50104&docId=468144124&qb=66+47IOd66y87J2M7JOw7LKY66as6riw&enc=utf8&section=kin.qna_ency&rank=18&search_sort=0&spq=0
18,https://kin.naver.com/qna/detail.naver?d1id=8&dirId=80901&docId=471790535&qb=66+47IOd66y87J2M7JOw7LKY66as6riw&enc=utf8&section=kin.qna_ency&rank=19&search_sort=0&spq=0
19,https://kin.naver.com/qna/detail.naver?d1id=5&dirId=50104&docId=467733862&qb=66+47IOd66y87J2M7JOw7LKY66as6riw&enc=utf8&section=kin.qna_ency&rank=20&search_sort=0&spq=0
20,https://kin.naver.com/qna/detail.naver?d1id=11&dirId=111606&docId=424951418&qb=66+47IOd66y87J2M7JOw7LKY66as6riw&enc=utf8&section=kin.qna_ency&rank=21&search_sort=0&spq=0
21,https://kin.naver.com/qna/detail.naver?d1id=11&dirId=111606&docId=422313917&qb=66+47IOd66y87J2M7JOw7LKY66as6riw&enc=utf8&section=kin.qna_ency&rank=22&search_sort=0&spq=0
22,https://kin.naver.com/qna/detail.naver?d1id=3&dirId=31503&docId=471965890&qb=66+47IOd66y87J2M7JOw7LKY66as6riw&enc=utf8&section=kin.qna_ency&rank=23&search_sort=0&spq=0
23,https://kin.naver.com/qna/detail.naver?d1id=11&dirId=111606&docId=425837747&qb=66+47IOd66y87J2M7JOw7LKY66as6riw&enc=utf8&section=kin.qna_ency&rank=24&search_sort=0&spq=0
24,https://kin.naver.com/qna/detail.naver?d1id=8&dirId=8080103&docId=393724556&qb=66+47IOd66y87J2M7JOw7LKY66as6riw&enc=utf8&section=kin.qna_ency&rank=25&search_sort=0&spq=0
25,https://kin.naver.com/qna/detail.naver?d1id=8&dirId=8020608&docId=427161056&qb=66+47IOd66y87J2M7JOw7LKY66as6riw&enc=utf8&section=kin.qna_ency&rank=26&search_sort=0&spq=0
26,https://kin.naver.com/qna/detail.naver?d1id=8&dirId=8020608&docId=466551205&qb=66+47IOd66y87J2M7JOw7LKY66as6riw&enc=utf8&section=kin.qna_ency&rank=27&search_sort=0&spq=0
27,https://kin.naver.com/qna/detail.naver?d1id=11&dirId=111606&docId=474968452&qb=66+47IOd66y87J2M7JOw7LKY66as6riw&enc=utf8&section=kin.qna_ency&rank=28&search_sort=0&spq=0
28,https://kin.naver.com/qna/detail.naver?d1id=8&dirId=8080103&docId=451642744&qb=66+47IOd66y87J2M7JOw7LKY66as6riw&enc=utf8&section=kin.qna_ency&rank=29&search_sort=0&spq=0
29,https://kin.naver.com/qna/detail.naver?d1id=2&dirId=2020703&docId=449557970&qb=66+47IOd66y87J2M7JOw7LKY66as6riw&enc=utf8&section=kin.qna_ency&rank=30&search_sort=0&spq=0
30,https://kin.naver.com/qna/detail.naver?d1id=11&dirId=111606&docId=429292675&qb=66+47IOd66y87J2M7JOw7LKY66as6riw&enc=utf8&section=kin.qna_ency&rank=31&search_sort=0&spq=0
31,https://kin.naver.com/qna/detail.naver?d1id=7&dirId=7010105&docId=466575947&qb=66+47IOd66y87J2M7JOw7LKY66as6riw&enc=utf8&section=kin.qna_ency&rank=32&search_sort=0&spq=0
32,https://kin.naver.com/qna/detail.naver?d1id=1&dirId=1070404&docId=433406144&qb=66+47IOd66y87J2M7JOw7LKY66as6riw&enc=utf8&section=kin.qna_ency&rank=33&search_sort=0&spq=0
33,https://kin.naver.com/qna/detail.naver?d1id=4&dirId=40201&docId=398965549&qb=66+47IOd66y87J2M7JOw7LKY66as6riw&enc=utf8&section=kin.qna_ency&rank=34&search_sort=0&spq=0
34,https://kin.naver.com/qna/detail.naver?d1id=5&dirId=50104&docId=466491841&qb=66+47IOd66y87J2M7JOw7LKY66as6riw&enc=utf8&section=kin.qna_ency&rank=35&search_sort=0&spq=0
35,https://kin.naver.com/qna/detail.naver?d1id=8&dirId=80301&docId=458676980&qb=66+47IOd66y87J2M7JOw7LKY66as6riw&enc=utf8&section=kin.qna_ency&rank=36&search_sort=0&spq=0
36,https://kin.naver.com/qna/detail.naver?d1id=1&dirId=10901&docId=466611135&qb=66+47IOd66y87J2M7JOw7LKY66as6riw&enc=utf8&section=kin.qna_ency&rank=37&search_sort=0&spq=0
37,https://kin.naver.com/qna/detail.naver?d1id=5&dirId=50104&docId=389388478&qb=66+47IOd66y87J2M7JOw7LKY66as6riw&enc=utf8&section=kin.qna_ency&rank=38&search_sort=0&spq=0
38,https://kin.naver.com/qna/detail.naver?d1id=5&dirId=50104&docId=455496439&qb=66+47IOd66y87J2M7JOw7LKY66as6riw&enc=utf8&section=kin.qna_ency&rank=39&search_sort=0&spq=0
39,https://kin.naver.com/qna/detail.naver?d1id=5&dirId=50104&docId=467458821&qb=66+47IOd66y87J2M7JOw7LKY66as6riw&enc=utf8&section=kin.qna_ency&rank=40&search_sort=0&spq=0
40,https://kin.naver.com/qna/detail.naver?d1id=5&dirId=50104&docId=127084164&qb=66+47IOd66y87J2M7JOw7LKY66as6riw&enc=utf8&section=kin.qna_ency&rank=41&search_sort=0&spq=0
41,https://kin.naver.com/qna/detail.naver?d1id=8&dirId=80201&docId=414899660&qb=66+47IOd66y87J2M7JOw7LKY66as6riw&enc=utf8&section=kin.qna_ency&rank=42&search_sort=0&spq=0
42,https://kin.naver.com/qna/detail.naver?d1id=5&dirId=50104&docId=476845108&qb=66+47IOd66y87J2M7JOw7LKY66as6riw&enc=utf8&section=kin.qna_ency&rank=43&search_sort=0&spq=0
43,https://kin.naver.com/qna/detail.naver?d1id=5&dirId=50503&docId=468212879&qb=66+47IOd66y87J2M7JOw7LKY66as6riw&enc=utf8&section=kin.qna_ency&rank=44&search_sort=0&spq=0
44,https://kin.naver.com/qna/detail.naver?d1id=5&dirId=50104&docId=409960969&qb=66+47IOd66y87J2M7JOw7LKY66as6riw&enc=utf8&section=kin.qna_ency&rank=45&search_sort=0&spq=0
45,https://kin.naver.com/qna/detail.naver?d1id=8&dirId=8020608&docId=408933799&qb=66+47IOd66y87J2M7JOw7LKY66as6riw&enc=utf8&section=kin.qna_ency&rank=46&search_sort=0&spq=0
46,https://kin.naver.com/qna/detail.naver?d1id=5&dirId=511&docId=471898206&qb=66+47IOd66y87J2M7JOw7LKY66as6riw&enc=utf8&section=kin.qna_ency&rank=47&search_sort=0&spq=0
47,https://kin.naver.com/qna/detail.naver?d1id=8&dirId=8080103&docId=469922191&qb=66+47IOd66y87J2M7JOw7LKY66as6riw&enc=utf8&section=kin.qna_ency&rank=48&search_sort=0&spq=0
48,https://kin.naver.com/qna/detail.naver?d1id=5&dirId=50104&docId=423609459&qb=66+47IOd66y87J2M7JOw7LKY66as6riw&enc=utf8&section=kin.qna_ency&rank=49&search_sort=0&spq=0
49,https://kin.naver.com/qna/detail.naver?d1id=11&dirId=111606&docId=413677702&qb=66+47IOd66y87J2M7JOw7LKY66as6riw&enc=utf8&section=kin.qna_ency&rank=50&search_sort=0&spq=0
50,https://kin.naver.com/qna/detail.naver?d1id=6&dirId=60212&docId=454398836&qb=66+47IOd66y87J2M7JOw7LKY66as6riw&enc=utf8&section=kin.qna_ency&rank=51&search_sort=0&spq=0
51,https://kin.naver.com/qna/detail.naver?d1id=5&dirId=50104&docId=426739463&qb=66+47IOd66y87J2M7JOw7LKY66as6riw&enc=utf8&section=kin.qna_ency&rank=52&search_sort=0&spq=0
52,https://kin.naver.com/qna/detail.naver?d1id=5&dirId=50503&docId=364751254&qb=66+47IOd66y87J2M7JOw7LKY66as6riw&enc=utf8&section=kin.qna_ency&rank=53&search_sort=0&spq=0
53,https://kin.naver.com/qna/detail.naver?d1id=8&dirId=8020306&docId=428214495&qb=66+47IOd66y87J2M7JOw7LKY66as6riw&enc=utf8&section=kin.qna_ency&rank=54&search_sort=0&spq=0
54,https://kin.naver.com/qna/detail.naver?d1id=8&dirId=809&docId=444457973&qb=66+47IOd66y87J2M7JOw7LKY66as6riw&enc=utf8&section=kin.qna_ency&rank=55&search_sort=0&spq=0
55,https://kin.naver.com/qna/detail.naver?d1id=5&dirId=50104&docId=392290351&qb=66+47IOd66y87J2M7JOw7LKY66as6riw&enc=utf8&section=kin.qna_ency&rank=56&search_sort=0&spq=0
56,https://kin.naver.com/qna/detail.naver?d1id=8&dirId=80801&docId=409345100&qb=66+47IOd66y87J2M7JOw7LKY66as6riw&enc=utf8&section=kin.qna_ency&rank=57&search_sort=0&spq=0
57,https://kin.naver.com/qna/detail.naver?d1id=4&dirId=4020202&docId=415441073&qb=66+47IOd66y87J2M7JOw7LKY66as6riw&enc=utf8&section=kin.qna_ency&rank=58&search_sort=0&spq=0
58,https://kin.naver.com/qna/detail.naver?d1id=5&dirId=50104&docId=427448115&qb=66+47IOd66y87J2M7JOw7LKY66as6riw&enc=utf8&section=kin.qna_ency&rank=59&search_sort=0&spq=0
59,https://kin.naver.com/qna/detail.naver?d1id=5&dirId=50104&docId=430991123&qb=66+47IOd66y87J2M7JOw7LKY66as6riw&enc=utf8&section=kin.qna_ency&rank=60&search_sort=0&spq=0
60,https://kin.naver.com/qna/detail.naver?d1id=10&dirId=1007&docId=467895720&qb=66+47IOd66y87J2M7JOw7LKY66as6riw&enc=utf8&section=kin.qna_ency&rank=61&search_sort=0&spq=0
61,https://kin.naver.com/qna/detail.naver?d1id=5&dirId=50104&docId=391971717&qb=66+47IOd66y87J2M7JOw7LKY66as6riw&enc=utf8&section=kin.qna_ency&rank=62&search_sort=0&spq=0
62,https://kin.naver.com/qna/detail.naver?d1id=5&dirId=50502&docId=440672930&qb=66+47IOd66y87J2M7JOw7LKY66as6riw&enc=utf8&section=kin.qna_ency&rank=63&search_sort=0&spq=0
63,https://kin.naver.com/qna/detail.naver?d1id=8&dirId=8020306&docId=454397581&qb=66+47IOd66y87J2M7JOw7LKY66as6riw&enc=utf8&section=kin.qna_ency&rank=64&search_sort=0&spq=0
64,https://kin.naver.com/qna/detail.naver?d1id=5&dirId=50104&docId=389637357&qb=66+47IOd66y87J2M7JOw7LKY66as6riw&enc=utf8&section=kin.qna_ency&rank=65&search_sort=0&spq=0
65,https://kin.naver.com/qna/detail.naver?d1id=8&dirId=8020609&docId=442237860&qb=66+47IOd66y87J2M7JOw7LKY66as6riw&enc=utf8&section=kin.qna_ency&rank=66&search_sort=0&spq=0
66,https://kin.naver.com/qna/detail.naver?d1id=4&dirId=406&docId=418859629&qb=66+47IOd66y87J2M7JOw7LKY66as6riw&enc=utf8&section=kin.qna_ency&rank=67&search_sort=0&spq=0
67,https://kin.naver.com/qna/detail.naver?d1id=5&dirId=50104&docId=389556875&qb=66+47IOd66y87J2M7JOw7LKY66as6riw&enc=utf8&section=kin.qna_ency&rank=68&search_sort=0&spq=0
68,https://kin.naver.com/qna/detail.naver?d1id=8&dirId=8010502&docId=464635489&qb=66+47IOd66y87J2M7JOw7LKY66as6riw&enc=utf8&section=kin.qna_ency&rank=69&search_sort=0&spq=0
69,https://kin.naver.com/qna/detail.naver?d1id=11&dirId=1122&docId=423433830&qb=66+47IOd66y87J2M7JOw7LKY66as6riw&enc=utf8&section=kin.qna_ency&rank=70&search_sort=0&spq=0
70,https://kin.naver.com/qna/detail.naver?d1id=8&dirId=8080103&docId=463667660&qb=66+47IOd66y87J2M7JOw7LKY66as6riw&enc=utf8&section=kin.qna_ency&rank=71&search_sort=0&spq=0
71,https://kin.naver.com/qna/detail.naver?d1id=5&dirId=505&docId=468928927&qb=66+47IOd66y87J2M7JOw7LKY66as6riw&enc=utf8&section=kin.qna_ency&rank=72&search_sort=0&spq=0
72,https://kin.naver.com/qna/detail.naver?d1id=5&dirId=50503&docId=436950009&qb=66+47IOd66y87J2M7JOw7LKY66as6riw&enc=utf8&section=kin.qna_ency&rank=73&search_sort=0&spq=0
73,https://kin.naver.com/qna/detail.naver?d1id=4&dirId=40403&docId=448135811&qb=66+47IOd66y87J2M7JOw7LKY66as6riw&enc=utf8&section=kin.qna_ency&rank=74&search_sort=0&spq=0
74,https://kin.naver.com/qna/detail.naver?d1id=11&dirId=111606&docId=477339408&qb=66+47IOd66y87J2M7JOw7LKY66as6riw&enc=utf8&section=kin.qna_ency&rank=75&search_sort=0&spq=0
75,https://kin.naver.com/qna/detail.naver?d1id=11&dirId=110309&docId=453518261&qb=66+47IOd66y87J2M7JOw7LKY66as6riw&enc=utf8&section=kin.qna_ency&rank=76&search_sort=0&spq=0
76,https://kin.naver.com/qna/detail.naver?d1id=8&dirId=8020118&docId=444308589&qb=66+47IOd66y87J2M7JOw7LKY66as6riw&enc=utf8&section=kin.qna_ency&rank=77&search_sort=0&spq=0
77,https://kin.naver.com/qna/detail.naver?d1id=4&dirId=40403&docId=430750449&qb=66+47IOd66y87J2M7JOw7LKY66as6riw&enc=utf8&section=kin.qna_ency&rank=78&search_sort=0&spq=0
78,https://kin.naver.com/qna/detail.naver?d1id=5&dirId=50502&docId=410393678&qb=66+47IOd66y87J2M7JOw7LKY66as6riw&enc=utf8&section=kin.qna_ency&rank=79&search_sort=0&spq=0
79,https://kin.naver.com/qna/detail.naver?d1id=7&dirId=70111&docId=467490789&qb=66+47IOd66y87J2M7JOw7LKY66as6riw&enc=utf8&section=kin.qna_ency&rank=80&search_sort=0&spq=0
80,https://kin.naver.com/qna/detail.naver?d1id=5&dirId=50104&docId=199836039&qb=66+47IOd66y87J2M7JOw7LKY66as6riw&enc=utf8&section=kin.qna_ency&rank=81&search_sort=0&spq=0
81,https://kin.naver.com/qna/detail.naver?d1id=11&dirId=111606&docId=400260757&qb=66+47IOd66y87J2M7JOw7LKY66as6riw&enc=utf8&section=kin.qna_ency&rank=82&search_sort=0&spq=0
82,https://kin.naver.com/qna/detail.naver?d1id=5&dirId=50104&docId=431401866&qb=66+47IOd66y87J2M7JOw7LKY66as6riw&enc=utf8&section=kin.qna_ency&rank=83&search_sort=0&spq=0
83,https://kin.naver.com/qna/detail.naver?d1id=12&dirId=1203&docId=411406268&qb=66+47IOd66y87J2M7JOw7LKY66as6riw&enc=utf8&section=kin.qna_ency&rank=84&search_sort=0&spq=0
84,https://kin.naver.com/qna/detail.naver?d1id=3&dirId=31503&docId=468943220&qb=66+47IOd66y87J2M7JOw7LKY66as6riw&enc=utf8&section=kin.qna_ency&rank=85&search_sort=0&spq=0
85,https://kin.naver.com/qna/detail.naver?d1id=5&dirId=50104&docId=469917872&qb=66+47IOd66y87J2M7JOw7LKY66as6riw&enc=utf8&section=kin.qna_ency&rank=86&search_sort=0&spq=0
86,https://kin.naver.com/qna/detail.naver?d1id=8&dirId=809&docId=424228264&qb=66+47IOd66y87J2M7JOw7LKY66as6riw&enc=utf8&section=kin.qna_ency&rank=87&search_sort=0&spq=0
87,https://kin.naver.com/qna/detail.naver?d1id=8&dirId=8020306&docId=409068394&qb=66+47IOd66y87J2M7JOw7LKY66as6riw&enc=utf8&section=kin.qna_ency&rank=88&search_sort=0&spq=0
88,https://kin.naver.com/qna/detail.naver?d1id=5&dirId=501&docId=446448730&qb=66+47IOd66y87J2M7JOw7LKY66as6riw&enc=utf8&section=kin.qna_ency&rank=89&search_sort=0&spq=0
89,https://kin.naver.com/qna/detail.naver?d1id=11&dirId=1122&docId=426663475&qb=66+47IOd66y87J2M7JOw7LKY66as6riw&enc=utf8&section=kin.qna_ency&rank=90&search_sort=0&spq=0
90,https://kin.naver.com/qna/detail.naver?d1id=5&dirId=50502&docId=412918795&qb=66+47IOd66y87J2M7JOw7LKY66as6riw&enc=utf8&section=kin.qna_ency&rank=91&search_sort=0&spq=0
91,https://kin.naver.com/qna/detail.naver?d1id=8&dirId=802&docId=411761650&qb=66+47IOd66y87J2M7JOw7LKY66as6riw&enc=utf8&section=kin.qna_ency&rank=92&search_sort=0&spq=0
92,https://kin.naver.com/qna/detail.naver?d1id=9&dirId=90110&docId=474000109&qb=66+47IOd66y87J2M7JOw7LKY66as6riw&enc=utf8&section=kin.qna_ency&rank=93&search_sort=0&spq=0
93,https://kin.naver.com/qna/detail.naver?d1id=6&dirId=611&docId=409743007&qb=66+47IOd66y87J2M7JOw7LKY66as6riw&enc=utf8&section=kin.qna_ency&rank=94&search_sort=0&spq=0
94,https://kin.naver.com/qna/detail.naver?d1id=11&dirId=1122&docId=410449307&qb=66+47IOd66y87J2M7JOw7LKY66as6riw&enc=utf8&section=kin.qna_ency&rank=95&search_sort=0&spq=0
95,https://kin.naver.com/qna/detail.naver?d1id=8&dirId=80901&docId=449827264&qb=66+47IOd66y87J2M7JOw7LKY66as6riw&enc=utf8&section=kin.qna_ency&rank=96&search_sort=0&spq=0
96,https://kin.naver.com/qna/detail.naver?d1id=8&dirId=802&docId=368320564&qb=66+47IOd66y87J2M7JOw7LKY66as6riw&enc=utf8&section=kin.qna_ency&rank=97&search_sort=0&spq=0
97,https://kin.naver.com/qna/detail.naver?d1id=5&dirId=50104&docId=389551603&qb=66+47IOd66y87J2M7JOw7LKY66as6riw&enc=utf8&section=kin.qna_ency&rank=98&search_sort=0&spq=0
98,https://kin.naver.com/qna/detail.naver?d1id=5&dirId=50502&docId=274278890&qb=66+47IOd66y87J2M7JOw7LKY66as6riw&enc=utf8&section=kin.qna_ency&rank=99&search_sort=0&spq=0
99,https://kin.naver.com/qna/detail.naver?d1id=8&dirId=80901&docId=409585640&qb=66+47IOd66y87J2M7JOw7LKY66as6riw&enc=utf8&section=kin.qna_ency&rank=100&search_sort=0&spq=0
100,https://kin.naver.com/qna/detail.naver?d1id=5&dirId=50104&docId=422814379&qb=66+47IOd66y87J2M7JOw7LKY66as6riw&enc=utf8&section=kin.qna_ency&rank=101&search_sort=0&spq=0
101,https://kin.naver.com/qna/detail.naver?d1id=3&dirId=30206&docId=415399370&qb=66+47IOd66y87J2M7JOw7LKY66as6riw&enc=utf8&section=kin.qna_ency&rank=102&search_sort=0&spq=0
102,https://kin.naver.com/qna/detail.naver?d1id=5&dirId=50605&docId=455105371&qb=66+47IOd66y87J2M7JOw7LKY66as6riw&enc=utf8&section=kin.qna_ency&rank=103&search_sort=0&spq=0
103,https://kin.naver.com/qna/detail.naver?d1id=5&dirId=50104&docId=388886528&qb=66+47IOd66y87J2M7JOw7LKY66as6riw&enc=utf8&section=kin.qna_ency&rank=104&search_sort=0&spq=0
104,https://kin.naver.com/qna/detail.naver?d1id=8&dirId=80901&docId=409548369&qb=66+47IOd66y87J2M7JOw7LKY66as6riw&enc=utf8&section=kin.qna_ency&rank=105&search_sort=0&spq=0
105,https://kin.naver.com/qna/detail.naver?d1id=8&dirId=80902&docId=410734531&qb=66+47IOd66y87J2M7JOw7LKY66as6riw&enc=utf8&section=kin.qna_ency&rank=106&search_sort=0&spq=0
106,https://kin.naver.com/qna/detail.naver?d1id=6&dirId=611&docId=421858300&qb=66+47IOd66y87J2M7JOw7LKY66as6riw&enc=utf8&section=kin.qna_ency&rank=107&search_sort=0&spq=0
107,https://kin.naver.com/qna/detail.naver?d1id=8&dirId=814&docId=424268202&qb=66+47IOd66y87J2M7JOw7LKY66as6riw&enc=utf8&section=kin.qna_ency&rank=108&search_sort=0&spq=0
108,https://kin.naver.com/qna/detail.naver?d1id=5&dirId=50502&docId=413550580&qb=66+47IOd66y87J2M7JOw7LKY66as6riw&enc=utf8&section=kin.qna_ency&rank=109&search_sort=0&spq=0
109,https://kin.naver.com/qna/detail.naver?d1id=6&dirId=611&docId=408535841&qb=66+47IOd66y87J2M7JOw7LKY66as6riw&enc=utf8&section=kin.qna_ency&rank=110&search_sort=0&spq=0
110,https://kin.naver.com/qna/detail.naver?d1id=5&dirId=50502&docId=474195086&qb=66+47IOd66y87J2M7JOw7LKY66as6riw&enc=utf8&section=kin.qna_ency&rank=111&search_sort=0&spq=0
111,https://kin.naver.com/qna/detail.naver?d1id=8&dirId=80901&docId=301473755&qb=66+47IOd66y87J2M7JOw7LKY66as6riw&enc=utf8&section=kin.qna_ency&rank=112&search_sort=0&spq=0
112,https://kin.naver.com/qna/detail.naver?d1id=5&dirId=50502&docId=467617360&qb=66+47IOd66y87J2M7JOw7LKY66as6riw&enc=utf8&section=kin.qna_ency&rank=113&search_sort=0&spq=0
113,https://kin.naver.com/qna/detail.naver?d1id=8&dirId=8080103&docId=451359208&qb=66+47IOd66y87J2M7JOw7LKY66as6riw&enc=utf8&section=kin.qna_ency&rank=114&search_sort=0&spq=0
114,https://kin.naver.com/qna/detail.naver?d1id=6&dirId=611&docId=423889058&qb=66+47IOd66y87J2M7JOw7LKY66as6riw&enc=utf8&section=kin.qna_ency&rank=115&search_sort=0&spq=0
115,https://kin.naver.com/qna/detail.naver?d1id=8&dirId=80901&docId=428426413&qb=66+47IOd66y87J2M7JOw7LKY66as6riw&enc=utf8&section=kin.qna_ency&rank=116&search_sort=0&spq=0
116,https://kin.naver.com/qna/detail.naver?d1id=5&dirId=50104&docId=414915109&qb=66+47IOd66y87J2M7JOw7LKY66as6riw&enc=utf8&section=kin.qna_ency&rank=117&search_sort=0&spq=0
117,https://kin.naver.com/qna/detail.naver?d1id=8&dirId=80901&docId=408418883&qb=66+47IOd66y87J2M7JOw7LKY66as6riw&enc=utf8&section=kin.qna_ency&rank=118&search_sort=0&spq=0
118,https://kin.naver.com/qna/detail.naver?d1id=7&dirId=70303&docId=396282393&qb=66+47IOd66y87J2M7JOw7LKY66as6riw&enc=utf8&section=kin.qna_ency&rank=119&search_sort=0&spq=0
119,https://kin.naver.com/qna/detail.naver?d1id=5&dirId=50104&docId=450984108&qb=66+47IOd66y87J2M7JOw7LKY66as6riw&enc=utf8&section=kin.qna_ency&rank=120&search_sort=0&spq=0
120,https://kin.naver.com/qna/detail.naver?d1id=5&dirId=50104&docId=393168894&qb=66+47IOd66y87J2M7JOw7LKY66as6riw&enc=utf8&section=kin.qna_ency&rank=121&search_sort=0&spq=0
121,https://kin.naver.com/qna/detail.naver?d1id=11&dirId=111606&docId=473725977&qb=66+47IOd66y87J2M7JOw7LKY66as6riw&enc=utf8&section=kin.qna_ency&rank=122&search_sort=0&spq=0
122,https://kin.naver.com/qna/detail.naver?d1id=8&dirId=8030205&docId=364790114&qb=66+47IOd66y87J2M7JOw7LKY66as6riw&enc=utf8&section=kin.qna_ency&rank=123&search_sort=0&spq=0
123,https://kin.naver.com/qna/detail.naver?d1id=5&dirId=50502&docId=475688288&qb=66+47IOd66y87J2M7JOw7LKY66as6riw&enc=utf8&section=kin.qna_ency&rank=124&search_sort=0&spq=0
124,https://kin.naver.com/qna/detail.naver?d1id=11&dirId=1129&docId=466491862&qb=66+47IOd66y87J2M7JOw7LKY66as6riw&enc=utf8&section=kin.qna_ency&rank=125&search_sort=0&spq=0
125,https://kin.naver.com/qna/detail.naver?d1id=5&dirId=50104&docId=473342113&qb=66+47IOd66y87J2M7JOw7LKY66as6riw&enc=utf8&section=kin.qna_ency&rank=126&search_sort=0&spq=0
126,https://kin.naver.com/qna/detail.naver?d1id=5&dirId=50502&docId=474189472&qb=66+47IOd66y87J2M7JOw7LKY66as6riw&enc=utf8&section=kin.qna_ency&rank=127&search_sort=0&spq=0
127,https://kin.naver.com/qna/detail.naver?d1id=6&dirId=61303&docId=471744633&qb=66+47IOd66y87J2M7JOw7LKY66as6riw&enc=utf8&section=kin.qna_ency&rank=128&search_sort=0&spq=0
128,https://kin.naver.com/qna/detail.naver?d1id=5&dirId=50502&docId=473229441&qb=66+47IOd66y87J2M7JOw7LKY66as6riw&enc=utf8&section=kin.qna_ency&rank=129&search_sort=0&spq=0
129,https://kin.naver.com/qna/detail.naver?d1id=3&dirId=31501&docId=428223422&qb=66+47IOd66y87J2M7JOw7LKY66as6riw&enc=utf8&section=kin.qna_ency&rank=130&search_sort=0&spq=0
130,https://kin.naver.com/qna/detail.naver?d1id=8&dirId=80901&docId=469576494&qb=66+47IOd66y87J2M7JOw7LKY66as6riw&enc=utf8&section=kin.qna_ency&rank=131&search_sort=0&spq=0
131,https://kin.naver.com/qna/detail.naver?d1id=5&dirId=50104&docId=451840863&qb=66+47IOd66y87J2M7JOw7LKY66as6riw&enc=utf8&section=kin.qna_ency&rank=132&search_sort=0&spq=0
132,https://kin.naver.com/qna/detail.naver?d1id=4&dirId=40607&docId=463427046&qb=66+47IOd66y87J2M7JOw7LKY66as6riw&enc=utf8&section=kin.qna_ency&rank=133&search_sort=0&spq=0
133,https://kin.naver.com/qna/detail.naver?d1id=5&dirId=50104&docId=389552626&qb=66+47IOd66y87J2M7JOw7LKY66as6riw&enc=utf8&section=kin.qna_ency&rank=134&search_sort=0&spq=0
134,https://kin.naver.com/qna/detail.naver?d1id=8&dirId=8080103&docId=365319549&qb=66+47IOd66y87J2M7JOw7LKY66as6riw&enc=utf8&section=kin.qna_ency&rank=135&search_sort=0&spq=0
135,https://kin.naver.com/qna/detail.naver?d1id=5&dirId=50603&docId=424183149&qb=66+47IOd66y87J2M7JOw7LKY66as6riw&enc=utf8&section=kin.qna_ency&rank=136&search_sort=0&spq=0
136,https://kin.naver.com/qna/detail.naver?d1id=6&dirId=611&docId=474251165&qb=66+47IOd66y87J2M7JOw7LKY66as6riw&enc=utf8&section=kin.qna_ency&rank=137&search_sort=0&spq=0
137,https://kin.naver.com/qna/detail.naver?d1id=5&dirId=50104&docId=392048343&qb=66+47IOd66y87J2M7JOw7LKY66as6riw&enc=utf8&section=kin.qna_ency&rank=138&search_sort=0&spq=0
138,https://kin.naver.com/qna/detail.naver?d1id=8&dirId=8020603&docId=474056203&qb=66+47IOd66y87J2M7JOw7LKY66as6riw&enc=utf8&section=kin.qna_ency&rank=139&search_sort=0&spq=0
139,https://kin.naver.com/qna/detail.naver?d1id=5&dirId=50503&docId=472720470&qb=66+47IOd66y87J2M7JOw7LKY66as6riw&enc=utf8&section=kin.qna_ency&rank=140&search_sort=0&spq=0
140,https://kin.naver.com/qna/detail.naver?d1id=11&dirId=111606&docId=413729497&qb=66+47IOd66y87J2M7JOw7LKY66as6riw&enc=utf8&section=kin.qna_ency&rank=141&search_sort=0&spq=0
141,https://kin.naver.com/qna/detail.naver?d1id=9&dirId=9011403&docId=473960509&qb=66+47IOd66y87J2M7JOw7LKY66as6riw&enc=utf8&section=kin.qna_ency&rank=142&search_sort=0&spq=0
142,https://kin.naver.com/qna/detail.naver?d1id=3&dirId=31506&docId=451051237&qb=66+47IOd66y87J2M7JOw7LKY66as6riw&enc=utf8&section=kin.qna_ency&rank=143&search_sort=0&spq=0
143,https://kin.naver.com/qna/detail.naver?d1id=6&dirId=60207&docId=448491058&qb=66+47IOd66y87J2M7JOw7LKY66as6riw&enc=utf8&section=kin.qna_ency&rank=144&search_sort=0&spq=0
144,https://kin.naver.com/qna/detail.naver?d1id=8&dirId=80206&docId=471971625&qb=66+47IOd66y87J2M7JOw7LKY66as6riw&enc=utf8&section=kin.qna_ency&rank=145&search_sort=0&spq=0
145,https://kin.naver.com/qna/detail.naver?d1id=11&dirId=111606&docId=420137419&qb=66+47IOd66y87J2M7JOw7LKY66as6riw&enc=utf8&section=kin.qna_ency&rank=146&search_sort=0&spq=0
146,https://kin.naver.com/qna/detail.naver?d1id=11&dirId=1122&docId=472627031&qb=66+47IOd66y87J2M7JOw7LKY66as6riw&enc=utf8&section=kin.qna_ency&rank=147&search_sort=0&spq=0
147,https://kin.naver.com/qna/detail.naver?d1id=8&dirId=8020608&docId=418621171&qb=66+47IOd66y87J2M7JOw7LKY66as6riw&enc=utf8&section=kin.qna_ency&rank=148&search_sort=0&spq=0
148,https://kin.naver.com/qna/detail.naver?d1id=5&dirId=50104&docId=392758259&qb=66+47IOd66y87J2M7JOw7LKY66as6riw&enc=utf8&section=kin.qna_ency&rank=149&search_sort=0&spq=0
149,https://kin.naver.com/qna/detail.naver?d1id=3&dirId=31501&docId=428223880&qb=66+47IOd66y87J2M7JOw7LKY66as6riw&enc=utf8&section=kin.qna_ency&rank=150&search_sort=0&spq=0
150,https://kin.naver.com/qna/detail.naver?d1id=8&dirId=80901&docId=475649824&qb=66+47IOd66y87J2M7JOw7LKY66as6riw&enc=utf8&section=kin.qna_ency&rank=151&search_sort=0&spq=0
151,https://kin.naver.com/qna/detail.naver?d1id=6&dirId=611&docId=472423624&qb=66+47IOd66y87J2M7JOw7LKY66as6riw&enc=utf8&section=kin.qna_ency&rank=152&search_sort=0&spq=0
152,https://kin.naver.com/qna/detail.naver?d1id=11&dirId=1122&docId=477549226&qb=66+47IOd66y87J2M7JOw7LKY66as6riw&enc=utf8&section=kin.qna_ency&rank=153&search_sort=0&spq=0
153,https://kin.naver.com/qna/detail.naver?d1id=4&dirId=402&docId=477645921&qb=66+47IOd66y87J2M7JOw7LKY66as6riw&enc=utf8&section=kin.qna_ency&rank=154&search_sort=0&spq=0
154,https://kin.naver.com/qna/detail.naver?d1id=12&dirId=12093120&docId=475008970&qb=66+47IOd66y87J2M7JOw7LKY66as6riw&enc=utf8&section=kin.qna_ency&rank=155&search_sort=0&spq=0
155,https://kin.naver.com/qna/detail.naver?d1id=6&dirId=611&docId=476943895&qb=66+47IOd66y87J2M7JOw7LKY66as6riw&enc=utf8&section=kin.qna_ency&rank=156&search_sort=0&spq=0
156,https://kin.naver.com/qna/detail.naver?d1id=6&dirId=60219&docId=477630940&qb=66+47IOd66y87J2M7JOw7LKY66as6riw&enc=utf8&section=kin.qna_ency&rank=157&search_sort=0&spq=0
157,https://kin.naver.com/qna/detail.naver?d1id=8&dirId=80901&docId=474910159&qb=66+47IOd66y87J2M7JOw7LKY66as6riw&enc=utf8&section=kin.qna_ency&rank=158&search_sort=0&spq=0
158,https://kin.naver.com/qna/detail.naver?d1id=8&dirId=80901&docId=477420771&qb=66+47IOd66y87J2M7JOw7LKY66as6riw&enc=utf8&section=kin.qna_ency&rank=159&search_sort=0&spq=0
159,https://kin.naver.com/qna/detail.naver?d1id=5&dirId=50502&docId=477292330&qb=66+47IOd66y87J2M7JOw7LKY66as6riw&enc=utf8&section=kin.qna_ency&rank=160&search_sort=0&spq=0
160,https://kin.naver.com/qna/detail.naver?d1id=7&dirId=706&docId=417827051&qb=66+47IOd66y87J2M7JOw7LKY66as6riw&enc=utf8&section=kin.qna_ency&rank=161&search_sort=0&spq=0
161,https://kin.naver.com/qna/detail.naver?d1id=11&dirId=111606&docId=429082719&qb=66+47IOd66y87J2M7JOw7LKY66as6riw&enc=utf8&section=kin.qna_ency&rank=162&search_sort=0&spq=0
162,https://kin.naver.com/qna/detail.naver?d1id=11&dirId=1122&docId=477306794&qb=66+47IOd66y87J2M7JOw7LKY66as6riw&enc=utf8&section=kin.qna_ency&rank=163&search_sort=0&spq=0
163,https://kin.naver.com/qna/detail.naver?d1id=3&dirId=31504&docId=471536427&qb=66+47IOd66y87J2M7JOw7LKY66as6riw&enc=utf8&section=kin.qna_ency&rank=164&search_sort=0&spq=0
164,https://kin.naver.com/qna/detail.naver?d1id=5&dirId=50502&docId=468490010&qb=66+47IOd66y87J2M7JOw7LKY66as6riw&enc=utf8&section=kin.qna_ency&rank=165&search_sort=0&spq=0
165,https://kin.naver.com/qna/detail.naver?d1id=8&dirId=80901&docId=473734939&qb=66+47IOd66y87J2M7JOw7LKY66as6riw&enc=utf8&section=kin.qna_ency&rank=166&search_sort=0&spq=0
166,https://kin.naver.com/qna/detail.naver?d1id=5&dirId=50502&docId=474973589&qb=66+47IOd66y87J2M7JOw7LKY66as6riw&enc=utf8&section=kin.qna_ency&rank=167&search_sort=0&spq=0
167,https://kin.naver.com/qna/detail.naver?d1id=11&dirId=1122&docId=473340456&qb=66+47IOd66y87J2M7JOw7LKY66as6riw&enc=utf8&section=kin.qna_ency&rank=168&search_sort=0&spq=0
168,https://kin.naver.com/qna/detail.naver?d1id=3&dirId=31504&docId=467658820&qb=66+47IOd66y87J2M7JOw7LKY66as6riw&enc=utf8&section=kin.qna_ency&rank=169&search_sort=0&spq=0
169,https://kin.naver.com/qna/detail.naver?d1id=5&dirId=50503&docId=446393511&qb=66+47IOd66y87J2M7JOw7LKY66as6riw&enc=utf8&section=kin.qna_ency&rank=170&search_sort=0&spq=0
170,https://kin.naver.com/qna/detail.naver?d1id=7&dirId=70601&docId=448576622&qb=66+47IOd66y87J2M7JOw7LKY66as6riw&enc=utf8&section=kin.qna_ency&rank=171&search_sort=0&spq=0
171,https://kin.naver.com/qna/detail.naver?d1id=3&dirId=31504&docId=451119626&qb=66+47IOd66y87J2M7JOw7LKY66as6riw&enc=utf8&section=kin.qna_ency&rank=172&search_sort=0&spq=0
172,https://kin.naver.com/qna/detail.naver?d1id=8&dirId=80901&docId=475405905&qb=66+47IOd66y87J2M7JOw7LKY66as6riw&enc=utf8&section=kin.qna_ency&rank=173&search_sort=0&spq=0
173,https://kin.naver.com/qna/detail.naver?d1id=11&dirId=1122&docId=474445321&qb=66+47IOd66y87J2M7JOw7LKY66as6riw&enc=utf8&section=kin.qna_ency&rank=174&search_sort=0&spq=0
174,https://kin.naver.com/qna/detail.naver?d1id=8&dirId=809&docId=474599200&qb=66+47IOd66y87J2M7JOw7LKY66as6riw&enc=utf8&section=kin.qna_ency&rank=175&search_sort=0&spq=0
175,https://kin.naver.com/qna/detail.naver?d1id=11&dirId=1122&docId=471561313&qb=66+47IOd66y87J2M7JOw7LKY66as6riw&enc=utf8&section=kin.qna_ency&rank=176&search_sort=0&spq=0
176,https://kin.naver.com/qna/detail.naver?d1id=5&dirId=50104&docId=392291532&qb=66+47IOd66y87J2M7JOw7LKY66as6riw&enc=utf8&section=kin.qna_ency&rank=177&search_sort=0&spq=0
177,https://kin.naver.com/qna/detail.naver?d1id=11&dirId=111603&docId=471029407&qb=66+47IOd66y87J2M7JOw7LKY66as6riw&enc=utf8&section=kin.qna_ency&rank=178&search_sort=0&spq=0
178,https://kin.naver.com/qna/detail.naver?d1id=12&dirId=120406&docId=409181773&qb=66+47IOd66y87J2M7JOw7LKY66as6riw&enc=utf8&section=kin.qna_ency&rank=179&search_sort=0&spq=0
179,https://kin.naver.com/qna/detail.naver?d1id=8&dirId=80901&docId=470619966&qb=66+47IOd66y87J2M7JOw7LKY66as6riw&enc=utf8&section=kin.qna_ency&rank=180&search_sort=0&spq=0
180,https://kin.naver.com/qna/detail.naver?d1id=5&dirId=50502&docId=420925417&qb=66+47IOd66y87J2M7JOw7LKY66as6riw&enc=utf8&section=kin.qna_ency&rank=181&search_sort=0&spq=0
181,https://kin.naver.com/qna/detail.naver?d1id=12&dirId=1204&docId=421567896&qb=66+47IOd66y87J2M7JOw7LKY66as6riw&enc=utf8&section=kin.qna_ency&rank=182&search_sort=0&spq=0
182,https://kin.naver.com/qna/detail.naver?d1id=5&dirId=50502&docId=420150135&qb=66+47IOd66y87J2M7JOw7LKY66as6riw&enc=utf8&section=kin.qna_ency&rank=183&search_sort=0&spq=0
183,https://kin.naver.com/qna/detail.naver?d1id=11&dirId=111606&docId=472911370&qb=66+47IOd66y87J2M7JOw7LKY66as6riw&enc=utf8&section=kin.qna_ency&rank=184&search_sort=0&spq=0
184,https://kin.naver.com/qna/detail.naver?d1id=6&dirId=611&docId=472936240&qb=66+47IOd66y87J2M7JOw7LKY66as6riw&enc=utf8&section=kin.qna_ency&rank=185&search_sort=0&spq=0
185,https://kin.naver.com/qna/detail.naver?d1id=6&dirId=611&docId=474718959&qb=66+47IOd66y87J2M7JOw7LKY66as6riw&enc=utf8&section=kin.qna_ency&rank=186&search_sort=0&spq=0
186,https://kin.naver.com/qna/detail.naver?d1id=5&dirId=50104&docId=448135981&qb=66+47IOd66y87J2M7JOw7LKY66as6riw&enc=utf8&section=kin.qna_ency&rank=187&search_sort=0&spq=0
187,https://kin.naver.com/qna/detail.naver?d1id=3&dirId=31506&docId=469044187&qb=66+47IOd66y87J2M7JOw7LKY66as6riw&enc=utf8&section=kin.qna_ency&rank=188&search_sort=0&spq=0
188,https://kin.naver.com/qna/detail.naver?d1id=8&dirId=80901&docId=472784176&qb=66+47IOd66y87J2M7JOw7LKY66as6riw&enc=utf8&section=kin.qna_ency&rank=189&search_sort=0&spq=0
189,https://kin.naver.com/qna/detail.naver?d1id=8&dirId=8080103&docId=472397396&qb=66+47IOd66y87J2M7JOw7LKY66as6riw&enc=utf8&section=kin.qna_ency&rank=190&search_sort=0&spq=0
190,https://kin.naver.com/qna/detail.naver?d1id=11&dirId=1122&docId=472782759&qb=66+47IOd66y87J2M7JOw7LKY66as6riw&enc=utf8&section=kin.qna_ency&rank=191&search_sort=0&spq=0
191,https://kin.naver.com/qna/detail.naver?d1id=8&dirId=80901&docId=472546513&qb=66+47IOd66y87J2M7JOw7LKY66as6riw&enc=utf8&section=kin.qna_ency&rank=192&search_sort=0&spq=0
192,https://kin.naver.com/qna/detail.naver?d1id=4&dirId=40613&docId=456379352&qb=66+47IOd66y87J2M7JOw7LKY66as6riw&enc=utf8&section=kin.qna_ency&rank=193&search_sort=0&spq=0
193,https://kin.naver.com/qna/detail.naver?d1id=4&dirId=40605&docId=450836813&qb=66+47IOd66y87J2M7JOw7LKY66as6riw&enc=utf8&section=kin.qna_ency&rank=194&search_sort=0&spq=0
194,https://kin.naver.com/qna/detail.naver?d1id=5&dirId=50104&docId=446530304&qb=66+47IOd66y87J2M7JOw7LKY66as6riw&enc=utf8&section=kin.qna_ency&rank=195&search_sort=0&spq=0
195,https://kin.naver.com/qna/detail.naver?d1id=5&dirId=50104&docId=440671159&qb=66+47IOd66y87J2M7JOw7LKY66as6riw&enc=utf8&section=kin.qna_ency&rank=196&search_sort=0&spq=0
196,https://kin.naver.com/qna/detail.naver?d1id=6&dirId=61302&docId=415319808&qb=66+47IOd66y87J2M7JOw7LKY66as6riw&enc=utf8&section=kin.qna_ency&rank=197&search_sort=0&spq=0
197,https://kin.naver.com/qna/detail.naver?d1id=11&dirId=110805&docId=440505633&qb=66+47IOd66y87J2M7JOw7LKY66as6riw&enc=utf8&section=kin.qna_ency&rank=198&search_sort=0&spq=0
198,https://kin.naver.com/qna/detail.naver?d1id=8&dirId=802&docId=428449758&qb=66+47IOd66y87J2M7JOw7LKY66as6riw&enc=utf8&section=kin.qna_ency&rank=199&search_sort=0&spq=0
199,https://kin.naver.com/qna/detail.naver?d1id=5&dirId=50104&docId=440672567&qb=66+47IOd66y87J2M7JOw7LKY66as6riw&enc=utf8&section=kin.qna_ency&rank=200&search_sort=0&spq=0
200,https://kin.naver.com/qna/detail.naver?d1id=2&dirId=2011604&docId=415880749&qb=66+47IOd66y87J2M7JOw7LKY66as6riw&enc=utf8&section=kin.qna_ency&rank=201&search_sort=0&spq=0
201,https://kin.naver.com/qna/detail.naver?d1id=8&dirId=80901&docId=423004213&qb=66+47IOd66y87J2M7JOw7LKY66as6riw&enc=utf8&section=kin.qna_ency&rank=202&search_sort=0&spq=0
202,https://kin.naver.com/qna/detail.naver?d1id=8&dirId=8080103&docId=446446581&qb=66+47IOd66y87J2M7JOw7LKY66as6riw&enc=utf8&section=kin.qna_ency&rank=203&search_sort=0&spq=0
203,https://kin.naver.com/qna/detail.naver?d1id=5&dirId=50104&docId=426283353&qb=66+47IOd66y87J2M7JOw7LKY66as6riw&enc=utf8&section=kin.qna_ency&rank=204&search_sort=0&spq=0
204,https://kin.naver.com/qna/detail.naver?d1id=8&dirId=809&docId=444470955&qb=66+47IOd66y87J2M7JOw7LKY66as6riw&enc=utf8&section=kin.qna_ency&rank=205&search_sort=0&spq=0
205,https://kin.naver.com/qna/detail.naver?d1id=6&dirId=611&docId=426355472&qb=66+47IOd66y87J2M7JOw7LKY66as6riw&enc=utf8&section=kin.qna_ency&rank=206&search_sort=0&spq=0
206,https://kin.naver.com/qna/detail.naver?d1id=5&dirId=50104&docId=444555065&qb=66+47IOd66y87J2M7JOw7LKY66as6riw&enc=utf8&section=kin.qna_ency&rank=207&search_sort=0&spq=0
207,https://kin.naver.com/qna/detail.naver?d1id=5&dirId=501&docId=362788284&qb=66+47IOd66y87J2M7JOw7LKY66as6riw&enc=utf8&section=kin.qna_ency&rank=208&search_sort=0&spq=0
208,https://kin.naver.com/qna/detail.naver?d1id=11&dirId=111606&docId=428710850&qb=66+47IOd66y87J2M7JOw7LKY66as6riw&enc=utf8&section=kin.qna_ency&rank=209&search_sort=0&spq=0
209,https://kin.naver.com/qna/detail.naver?d1id=6&dirId=60103&docId=422077810&qb=66+47IOd66y87J2M7JOw7LKY66as6riw&enc=utf8&section=kin.qna_ency&rank=210&search_sort=0&spq=0
210,https://kin.naver.com/qna/detail.naver?d1id=6&dirId=611&docId=472860592&qb=66+47IOd66y87J2M7JOw7LKY66as6riw&enc=utf8&section=kin.qna_ency&rank=211&search_sort=0&spq=0
211,https://kin.naver.com/qna/detail.naver?d1id=8&dirId=8020603&docId=424271473&qb=66+47IOd66y87J2M7JOw7LKY66as6riw&enc=utf8&section=kin.qna_ency&rank=212&search_sort=0&spq=0
212,https://kin.naver.com/qna/detail.naver?d1id=5&dirId=501&docId=474927302&qb=66+47IOd66y87J2M7JOw7LKY66as6riw&enc=utf8&section=kin.qna_ency&rank=213&search_sort=0&spq=0
213,https://kin.naver.com/qna/detail.naver?d1id=5&dirId=50503&docId=427776351&qb=66+47IOd66y87J2M7JOw7LKY66as6riw&enc=utf8&section=kin.qna_ency&rank=214&search_sort=0&spq=0
214,https://kin.naver.com/qna/detail.naver?d1id=6&dirId=61401&docId=416096169&qb=66+47IOd66y87J2M7JOw7LKY66as6riw&enc=utf8&section=kin.qna_ency&rank=215&search_sort=0&spq=0
215,https://kin.naver.com/qna/detail.naver?d1id=6&dirId=60220&docId=416079130&qb=66+47IOd66y87J2M7JOw7LKY66as6riw&enc=utf8&section=kin.qna_ency&rank=216&search_sort=0&spq=0
216,https://kin.naver.com/qna/detail.naver?d1id=5&dirId=50104&docId=477116672&qb=66+47IOd66y87J2M7JOw7LKY66as6riw&enc=utf8&section=kin.qna_ency&rank=217&search_sort=0&spq=0
217,https://kin.naver.com/qna/detail.naver?d1id=6&dirId=611&docId=475181831&qb=66+47IOd66y87J2M7JOw7LKY66as6riw&enc=utf8&section=kin.qna_ency&rank=218&search_sort=0&spq=0
218,https://kin.naver.com/qna/detail.naver?d1id=5&dirId=50104&docId=477704560&qb=66+47IOd66y87J2M7JOw7LKY66as6riw&enc=utf8&section=kin.qna_ency&rank=219&search_sort=0&spq=0
219,https://kin.naver.com/qna/detail.naver?d1id=5&dirId=50502&docId=477433371&qb=66+47IOd66y87J2M7JOw7LKY66as6riw&enc=utf8&section=kin.qna_ency&rank=220&search_sort=0&spq=0
220,https://kin.naver.com/qna/detail.naver?d1id=5&dirId=50104&docId=453606412&qb=66+47IOd66y87J2M7JOw7LKY66as6riw&enc=utf8&section=kin.qna_ency&rank=221&search_sort=0&spq=0
221,https://kin.naver.com/qna/detail.naver?d1id=6&dirId=611&docId=475153627&qb=66+47IOd66y87J2M7JOw7LKY66as6riw&enc=utf8&section=kin.qna_ency&rank=222&search_sort=0&spq=0
222,https://kin.naver.com/qna/detail.naver?d1id=6&dirId=601&docId=418693341&qb=66+47IOd66y87J2M7JOw7LKY66as6riw&enc=utf8&section=kin.qna_ency&rank=223&search_sort=0&spq=0
223,https://kin.naver.com/qna/detail.naver?d1id=9&dirId=9011403&docId=474092718&qb=66+47IOd66y87J2M7JOw7LKY66as6riw&enc=utf8&section=kin.qna_ency&rank=224&search_sort=0&spq=0
224,https://kin.naver.com/qna/detail.naver?d1id=12&dirId=120208&docId=473605098&qb=66+47IOd66y87J2M7JOw7LKY66as6riw&enc=utf8&section=kin.qna_ency&rank=225&search_sort=0&spq=0
225,https://kin.naver.com/qna/detail.naver?d1id=8&dirId=80901&docId=472792007&qb=66+47IOd66y87J2M7JOw7LKY66as6riw&enc=utf8&section=kin.qna_ency&rank=226&search_sort=0&spq=0
